,domain,status
0,lequipe.fr,subscription
1,actu.fr,subscription
2,bild.de,subscription
3,welt.de,subscription
4,repubblica.it,subscription
5,gazzetta.it,subscription
6,spiegel.de,subscription
7,t-online.de,subscription
8,lemonde.fr,subscription
9,programme-tv.net,subscription
10,corriere.it,subscription
11,entrepreneur.com,hard_to_reject
12,gitlab.com,hard_to_reject
13,fanpage.it,hard_to_reject
14,mi.com,hard_to_reject
15,healthline.com,hard_to_reject
16,latamairlines.com,hard_to_reject
17,webmd.com,hard_to_reject
18,forebet.com,hard_to_reject
19,dailymotion.com,hard_to_reject
20,studocu.com,hard_to_reject
21,ft.com,hard_to_reject
22,theverge.com,hard_to_reject
23,xosodaiphat.com,hard_to_reject
24,nhs.uk,hard_to_reject
25,snaptik.app,hard_to_reject
26,sophos.com,hard_to_reject
27,columbia.edu,hard_to_reject
28,service-now.com,hard_to_reject
29,furaffinity.net,hard_to_reject
30,beboo.ru,hard_to_reject
31,onlyfans.com,hard_to_reject
32,credit-agricole.fr,hard_to_reject
33,idnes.cz,hard_to_reject
34,sciencemag.org,hard_to_reject
35,nu.nl,hard_to_reject
36,mangabuddy.com,hard_to_reject
37,doubleverify.com,hard_to_reject
38,mts.ru,hard_to_reject
39,wired.com,hard_to_reject
40,ucla.edu,hard_to_reject
41,mercadolivre.com.br,hard_to_reject
42,opera.com,hard_to_reject
43,plos.org,hard_to_reject
44,mediafire.com,hard_to_reject
45,vidoomy.com,hard_to_reject
46,timesofindia.com,hard_to_reject
47,idealista.com,hard_to_reject
48,tmohentai.com,hard_to_reject
49,xiaomi.com,hard_to_reject
50,pornhub.com,hard_to_reject
51,doubleclick.net,hard_to_reject
52,mundodeportivo.com,hard_to_reject
53,sberbank.ru,hard_to_reject
54,leroymerlin.fr,hard_to_reject
55,eltiempo.es,hard_to_reject
56,gartner.com,hard_to_reject
57,yandex.com,hard_to_reject
58,sky.com,hard_to_reject
59,bbb.org,hard_to_reject
60,thelancet.com,hard_to_reject
61,qualtrics.com,hard_to_reject
62,newyorker.com,hard_to_reject
63,canonical.com,hard_to_reject
64,cdnvideo.ru,hard_to_reject
65,ilmeteo.it,hard_to_reject
66,zoho.com,hard_to_reject
67,symantec.com,hard_to_reject
68,amarujala.com,hard_to_reject
69,fandom.com,hard_to_reject
70,geny.com,hard_to_reject
71,name.com,hard_to_reject
72,indiatimes.com,hard_to_reject
73,connatix.com,hard_to_reject
74,xoso.com.vn,hard_to_reject
75,telegraaf.nl,hard_to_reject
76,theconversation.com,hard_to_reject
77,marktplaats.nl,hard_to_reject
78,businesswire.com,hard_to_reject
79,ad.nl,hard_to_reject
80,skipthegames.com,hard_to_reject
81,braze.com,hard_to_reject
82,nbcnews.com,hard_to_reject
83,steamcommunity.com,hard_to_reject
84,detik.com,hard_to_reject
85,bbc.com,hard_to_reject
86,fanfiction.net,hard_to_reject
87,cronista.com,hard_to_reject
88,pusher.com,hard_to_reject
89,sharethrough.com,hard_to_reject
90,onesignal.com,hard_to_reject
91,asos.com,hard_to_reject
92,24h.com.vn,hard_to_reject
93,amazon.co.uk,hard_to_reject
94,jstor.org,hard_to_reject
95,sport.es,hard_to_reject
96,dan.com,hard_to_reject
97,eyeota.net,hard_to_reject
98,eset.com,hard_to_reject
99,infobae.com,hard_to_reject
100,evernote.com,hard_to_reject
101,subito.it,hard_to_reject
102,launchdarkly.com,hard_to_reject
103,spotify.com,hard_to_reject
104,amazon.in,hard_to_reject
105,figma.com,hard_to_reject
106,rayjump.com,hard_to_reject
107,hln.be,hard_to_reject
108,accuweather.com,hard_to_reject
109,ok.ru,hard_to_reject
110,samsungknox.com,hard_to_reject
111,eenadu.net,hard_to_reject
112,listcrawler.eu,hard_to_reject
113,amazonaws.com.cn,hard_to_reject
114,lanacion.com.ar,hard_to_reject
115,weebly.com,hard_to_reject
116,sendbird.com,hard_to_reject
117,snapinsta.app,hard_to_reject
118,skroutz.gr,hard_to_reject
119,googledomains.com,hard_to_reject
120,wp.com,hard_to_reject
121,bfmtv.com,hard_to_reject
122,bit.ly,hard_to_reject
123,gravatar.com,hard_to_reject
124,haberler.com,hard_to_reject
125,usnews.com,hard_to_reject
126,staseraintv.com,hard_to_reject
127,warnerbros.com,hard_to_reject
128,synology.com,hard_to_reject
129,innovid.com,hard_to_reject
130,conectate.com.do,hard_to_reject
131,tandfonline.com,hard_to_reject
132,xhamster2.com,hard_to_reject
133,sagepub.com,hard_to_reject
134,cardgames.io,hard_to_reject
135,w3schools.com,hard_to_reject
136,acronis.com,hard_to_reject
137,notamedia.ru,hard_to_reject
138,ria.com,hard_to_reject
139,terra.com.br,hard_to_reject
140,cnnindonesia.com,hard_to_reject
141,ameba.jp,hard_to_reject
142,doubleclick.com,hard_to_reject
143,themeisle.com,hard_to_reject
144,xhtab3.com,hard_to_reject
145,nginx.com,hard_to_reject
146,brainly.co.id,hard_to_reject
147,quizlet.com,hard_to_reject
148,vox.com,hard_to_reject
149,wordpress.com,hard_to_reject
150,sedo.com,hard_to_reject
151,cardmarket.com,hard_to_reject
152,digicert.com,hard_to_reject
153,matterport.com,hard_to_reject
154,jamanetwork.com,hard_to_reject
155,ynet.co.il,hard_to_reject
156,argos.co.uk,hard_to_reject
157,elcorteingles.es,hard_to_reject
158,pornhub.org,hard_to_reject
159,tumblr.com,hard_to_reject
160,etsy.com,hard_to_reject
161,xhcdn.com,hard_to_reject
162,olx.pl,hard_to_reject
163,wuxiap.com,hard_to_reject
164,nexusmods.com,hard_to_reject
165,parsely.com,hard_to_reject
166,medicalnewstoday.com,hard_to_reject
167,utorrent.com,hard_to_reject
168,ui.com,hard_to_reject
169,sex.com,hard_to_reject
170,ya.ru,hard_to_reject
171,uol.com.br,hard_to_reject
172,mediaexpert.pl,hard_to_reject
173,destacamos.com,hard_to_reject
174,wunderground.com,hard_to_reject
175,motherless.com,hard_to_reject
176,ubuntu.com,hard_to_reject
177,gsmarena.com,hard_to_reject
178,clarin.com,hard_to_reject
179,n-able.com,hard_to_reject
180,kooora.com,hard_to_reject
181,blic.rs,hard_to_reject
182,aliexpress.com,hard_to_reject
183,fmkorea.com,hard_to_reject
184,amazon.fr,hard_to_reject
185,genius.com,hard_to_reject
186,ring.com,hard_to_reject
187,xhamster.desi,hard_to_reject
188,mynet.com,hard_to_reject
189,lectortmo.com,hard_to_reject
190,starbucks.com,hard_to_reject
191,teamviewer.com,hard_to_reject
192,schwab.com,hard_to_reject
193,fastcompany.com,hard_to_reject
194,apkcombo.com,hard_to_reject
195,ox.ac.uk,hard_to_reject
196,themeforest.net,hard_to_reject
197,vice.com,hard_to_reject
198,google-analytics.com,hard_to_reject
199,nike.com,hard_to_reject
200,mercadolibre.com.mx,hard_to_reject
201,coolmathgames.com,hard_to_reject
202,az24.vn,hard_to_reject
203,site777.jp,hard_to_reject
204,worldbank.org,hard_to_reject
205,ilovepdf.com,hard_to_reject
206,cpanel.net,hard_to_reject
207,curseforge.com,hard_to_reject
208,twitch.tv,hard_to_reject
209,intercom.io,hard_to_reject
210,googleblog.com,hard_to_reject
211,arstechnica.com,hard_to_reject
212,bitly.com,hard_to_reject
213,reverso.net,hard_to_reject
214,asu.edu,hard_to_reject
215,pki.goog,hard_to_reject
216,3bmeteo.com,hard_to_reject
217,independent.co.uk,hard_to_reject
218,abc.net.au,hard_to_reject
219,sourceforge.net,hard_to_reject
220,wisc.edu,hard_to_reject
221,fatalmodel.com,hard_to_reject
222,duolingo.com,hard_to_reject
223,istockphoto.com,hard_to_reject
224,fortune.com,hard_to_reject
225,smartthings.com,hard_to_reject
226,globo.com,hard_to_reject
227,science.org,hard_to_reject
228,fitbit.com,hard_to_reject
229,peacocktv.com,hard_to_reject
230,climatempo.com.br,hard_to_reject
231,hbr.org,hard_to_reject
232,xing.com,hard_to_reject
233,bloomberg.com,hard_to_reject
234,ssstik.io,hard_to_reject
235,xhamster40.desi,hard_to_reject
236,tp-link.com,hard_to_reject
237,elsevier.com,hard_to_reject
238,pravda.com.ua,hard_to_reject
239,squareup.com,hard_to_reject
240,admanmedia.com,hard_to_reject
241,rt.com,hard_to_reject
242,thetimes.co.uk,hard_to_reject
243,datto.com,hard_to_reject
244,mercadolibre.com.ar,hard_to_reject
245,fc2.com,hard_to_reject
246,taboola.com,hard_to_reject
247,bazaarvoice.com,hard_to_reject
248,sectigo.com,hard_to_reject
249,weather.com,hard_to_reject
250,elegantthemes.com,hard_to_reject
251,yandex.net,hard_to_reject
252,xhamster1.desi,hard_to_reject
253,uisp.com,hard_to_reject
254,cdiscount.com,hard_to_reject
255,wellsfargo.com,hard_to_reject
256,20minutos.es,hard_to_reject
257,staples.com,hard_to_reject
258,ouest-france.fr,hard_to_reject
259,xhamster.com,hard_to_reject
260,cloudinary.com,hard_to_reject
261,liquipedia.net,hard_to_reject
262,europa.eu,hard_to_reject
263,netgear.com,hard_to_reject
264,mparticle.com,hard_to_reject
265,gizmodo.com,hard_to_reject
266,grserver.gr,hard_to_reject
267,mlb.com,hard_to_reject
268,ilmessaggero.it,hard_to_reject
269,publi24.ro,hard_to_reject
270,dogdrip.net,hard_to_reject
271,xiaomi.net,hard_to_reject
272,funpay.com,hard_to_reject
273,instructure.com,hard_to_reject
274,ups.com,hard_to_reject
275,mobile-tracker-free.com,hard_to_reject
276,ubnt.com,hard_to_reject
277,frontiersin.org,hard_to_reject
278,unesco.org,hard_to_reject
279,bilibili.tv,hard_to_reject
280,hinet.net,hard_to_reject
281,newsweek.com,hard_to_reject
282,udn.com,hard_to_reject
283,singular.net,hard_to_reject
284,akismet.com,hard_to_reject
285,ibm.com,hard_to_reject
286,trilltrill.jp,hard_to_reject
287,tvn24.pl,hard_to_reject
288,brainly.com.br,hard_to_reject
289,dantri.com.vn,hard_to_reject
290,google.com,easy_to_reject
291,microsoft.com,easy_to_reject
292,youtube.com,easy_to_reject
293,twitter.com,easy_to_reject
294,googlevideo.com,easy_to_reject
295,azure.com,easy_to_reject
296,cloudflare.com,easy_to_reject
297,linkedin.com,easy_to_reject
298,live.com,easy_to_reject
299,office.com,easy_to_reject
300,netflix.com,easy_to_reject
301,bing.com,easy_to_reject
302,fastly.net,easy_to_reject
303,mail.ru,easy_to_reject
304,yahoo.com,easy_to_reject
305,youtu.be,easy_to_reject
306,googlesyndication.com,easy_to_reject
307,windows.net,easy_to_reject
308,adobe.com,easy_to_reject
309,vimeo.com,easy_to_reject
310,sharepoint.com,easy_to_reject
311,zoom.us,easy_to_reject
312,msn.com,easy_to_reject
313,office365.com,easy_to_reject
314,skype.com,easy_to_reject
315,cloudflare.net,easy_to_reject
316,outlook.com,easy_to_reject
317,comcast.net,easy_to_reject
318,roblox.com,easy_to_reject
319,macromedia.com,easy_to_reject
320,dropbox.com,easy_to_reject
321,criteo.com,easy_to_reject
322,netflix.net,easy_to_reject
323,frontapp.com,easy_to_reject
324,epicgames.com,easy_to_reject
325,nytimes.com,easy_to_reject
326,flickr.com,easy_to_reject
327,windows.com,easy_to_reject
328,rubiconproject.com,easy_to_reject
329,webex.com,easy_to_reject
330,att.net,easy_to_reject
331,samsung.com,easy_to_reject
332,datadoghq.com,easy_to_reject
333,casalemedia.com,easy_to_reject
334,paypal.com,easy_to_reject
335,unity3d.com,easy_to_reject
336,salesforceliveagent.com,easy_to_reject
337,soundcloud.com,easy_to_reject
338,cnn.com,easy_to_reject
339,omtrdc.net,easy_to_reject
340,salesforce.com,easy_to_reject
341,pubmatic.com,easy_to_reject
342,ebay.com,easy_to_reject
343,theguardian.com,easy_to_reject
344,forbes.com,easy_to_reject
345,zemanta.com,easy_to_reject
346,adobe.io,easy_to_reject
347,appsflyer.com,easy_to_reject
348,smartadserver.com,easy_to_reject
349,cisco.com,easy_to_reject
350,imdb.com,easy_to_reject
351,kaspersky.com,easy_to_reject
352,discord.com,easy_to_reject
353,hp.com,easy_to_reject
354,slack.com,easy_to_reject
355,force.com,easy_to_reject
356,atlassian.com,easy_to_reject
357,wixsite.com,easy_to_reject
358,amazonvideo.com,easy_to_reject
359,issuu.com,easy_to_reject
360,washingtonpost.com,easy_to_reject
361,researchgate.net,easy_to_reject
362,hubspot.com,easy_to_reject
363,shopify.com,easy_to_reject
364,dell.com,easy_to_reject
365,android.com,easy_to_reject
366,tinyurl.com,easy_to_reject
367,grammarly.com,easy_to_reject
368,reuters.com,easy_to_reject
369,cnbc.com,easy_to_reject
370,badoo.com,easy_to_reject
371,google.de,easy_to_reject
372,slideshare.net,easy_to_reject
373,3lift.com,easy_to_reject
374,canva.com,easy_to_reject
375,oracle.com,easy_to_reject
376,booking.com,easy_to_reject
377,avast.com,easy_to_reject
378,moatads.com,easy_to_reject
379,hotjar.com,easy_to_reject
380,gov.uk,easy_to_reject
381,aol.com,easy_to_reject
382,google.co.uk,easy_to_reject
383,espn.com,easy_to_reject
384,media.net,easy_to_reject
385,wsj.com,easy_to_reject
386,vungle.com,easy_to_reject
387,wiley.com,easy_to_reject
388,indeed.com,easy_to_reject
389,google.com.br,easy_to_reject
390,criteo.net,easy_to_reject
391,nature.com,easy_to_reject
392,branch.io,easy_to_reject
393,stripe.com,easy_to_reject
394,dotomi.com,easy_to_reject
395,opendns.com,easy_to_reject
396,springer.com,easy_to_reject
397,outbrain.com,easy_to_reject
398,hostgator.com,easy_to_reject
399,stackoverflow.com,easy_to_reject
400,npr.org,easy_to_reject
401,tripadvisor.com,easy_to_reject
402,discord.gg,easy_to_reject
403,teads.tv,easy_to_reject
404,godaddy.com,easy_to_reject
405,comcast.com,easy_to_reject
406,roku.com,easy_to_reject
407,clarity.ms,easy_to_reject
408,linktr.ee,easy_to_reject
409,trustpilot.com,easy_to_reject
410,xboxlive.com,easy_to_reject
411,wix.com,easy_to_reject
412,ea.com,easy_to_reject
413,usatoday.com,easy_to_reject
414,telegraph.co.uk,easy_to_reject
415,giphy.com,easy_to_reject
416,time.com,easy_to_reject
417,g.page,easy_to_reject
418,pixabay.com,easy_to_reject
419,scribd.com,easy_to_reject
420,adtelligent.com,easy_to_reject
421,verisign.com,easy_to_reject
422,cnet.com,easy_to_reject
423,gamepass.com,easy_to_reject
424,britannica.com,easy_to_reject
425,forter.com,easy_to_reject
426,alibaba.com,easy_to_reject
427,arubanetworks.com,easy_to_reject
428,speedtest.net,easy_to_reject
429,surveymonkey.com,easy_to_reject
430,cambridge.org,easy_to_reject
431,nvidia.com,easy_to_reject
432,ted.com,easy_to_reject
433,behance.net,easy_to_reject
434,zendesk.com,easy_to_reject
435,att.com,easy_to_reject
436,uber.com,easy_to_reject
437,imgsmail.ru,easy_to_reject
438,checkpoint.com,easy_to_reject
439,squarespace.com,easy_to_reject
440,trendmicro.com,easy_to_reject
441,mysql.com,easy_to_reject
442,buzzfeed.com,easy_to_reject
443,google.ca,easy_to_reject
444,google.fr,easy_to_reject
445,kaspersky-labs.com,easy_to_reject
446,playstation.com,easy_to_reject
447,google.es,easy_to_reject
448,entrust.net,easy_to_reject
449,google.co.jp,easy_to_reject
450,cbsnews.com,easy_to_reject
451,yelp.com,easy_to_reject
452,mailchimp.com,easy_to_reject
453,google.it,easy_to_reject
454,wbx2.com,easy_to_reject
455,free.fr,easy_to_reject
456,digitalocean.com,easy_to_reject
457,onetrust.com,easy_to_reject
458,techcrunch.com,easy_to_reject
459,intel.com,easy_to_reject
460,newrelic.com,easy_to_reject
461,flashtalking.com,easy_to_reject
462,marriott.com,easy_to_reject
463,autodesk.com,easy_to_reject
464,visualstudio.com,easy_to_reject
465,ikea.com,easy_to_reject
466,hugedomains.com,easy_to_reject
467,licdn.com,easy_to_reject
468,freepik.com,easy_to_reject
469,merriam-webster.com,easy_to_reject
470,google.co.in,easy_to_reject
471,rackspace.com,easy_to_reject
472,getpocket.com,easy_to_reject
473,ezvizlife.com,easy_to_reject
474,mega.nz,easy_to_reject
475,cookielaw.org,easy_to_reject
476,yieldmo.com,easy_to_reject
477,amplitude.com,easy_to_reject
478,optimizely.com,easy_to_reject
479,conviva.com,easy_to_reject
480,adobe.net,easy_to_reject
481,huffingtonpost.com,easy_to_reject
482,wattpad.com,easy_to_reject
483,mega.co.nz,easy_to_reject
484,bluehost.com,easy_to_reject
485,calendly.com,easy_to_reject
486,riotgames.com,easy_to_reject
487,theatlantic.com,easy_to_reject
488,prnewswire.com,easy_to_reject
489,tapad.com,easy_to_reject
490,markmonitor.com,easy_to_reject
491,bugsnag.com,easy_to_reject
492,elpais.com,easy_to_reject
493,google.com.hk,easy_to_reject
494,virtualearth.net,easy_to_reject
495,contextweb.com,easy_to_reject
496,aliyun.com,easy_to_reject
497,google.pl,easy_to_reject
498,stackadapt.com,easy_to_reject
499,temu.com,easy_to_reject
500,life360.com,easy_to_reject
501,nest.com,easy_to_reject
502,bluekai.com,easy_to_reject
503,webrootcloudav.com,easy_to_reject
504,everesttech.net,easy_to_reject
505,viber.com,easy_to_reject
506,box.com,easy_to_reject
507,bitdefender.com,easy_to_reject
508,nationalgeographic.com,easy_to_reject
509,inmobi.com,easy_to_reject
510,yahoo.net,easy_to_reject
511,investopedia.com,easy_to_reject
512,google.com.mx,easy_to_reject
513,udemy.com,easy_to_reject
514,google.com.tr,easy_to_reject
515,klaviyo.com,easy_to_reject
516,service.gov.uk,easy_to_reject
517,docker.com,easy_to_reject
518,gumgum.com,easy_to_reject
519,typeform.com,easy_to_reject
520,huffpost.com,easy_to_reject
521,fiverr.com,easy_to_reject
522,norton.com,easy_to_reject
523,lemonde.fr,easy_to_reject
524,mailchi.mp,easy_to_reject
525,business.site,easy_to_reject
526,people.com,easy_to_reject
527,statuspage.io,easy_to_reject
528,kargo.com,easy_to_reject
529,jotform.com,easy_to_reject
530,quantummetric.com,easy_to_reject
531,allegro.pl,easy_to_reject
532,change.org,easy_to_reject
533,amazon.es,easy_to_reject
534,upwork.com,easy_to_reject
535,ieee.org,easy_to_reject
536,ebay.co.uk,easy_to_reject
537,lefigaro.fr,easy_to_reject
538,simpli.fi,easy_to_reject
539,iso.org,easy_to_reject
540,appier.net,easy_to_reject
541,umich.edu,easy_to_reject
542,swrve.com,easy_to_reject
543,okta.com,easy_to_reject
544,hm.com,easy_to_reject
545,paloaltonetworks.com,easy_to_reject
546,aniview.com,easy_to_reject
547,shopee.com.br,easy_to_reject
548,discordapp.com,easy_to_reject
549,adjust.com,easy_to_reject
550,google.com.tw,easy_to_reject
551,1drv.com,easy_to_reject
552,xfinity.com,easy_to_reject
553,cdnhwc1.com,easy_to_reject
554,economist.com,easy_to_reject
555,tribalfusion.com,easy_to_reject
556,mathtag.com,easy_to_reject
557,mgid.com,easy_to_reject
558,vmware.com,easy_to_reject
559,disneyplus.com,easy_to_reject
560,globalsign.com,easy_to_reject
561,nypost.com,easy_to_reject
562,online.net,easy_to_reject
563,jimdo.com,easy_to_reject
564,repubblica.it,easy_to_reject
565,spot.im,easy_to_reject
566,savvis.net,easy_to_reject
567,primevideo.com,easy_to_reject
568,hotmail.com,easy_to_reject
569,segment.io,easy_to_reject
570,chartboost.com,easy_to_reject
571,twilio.com,easy_to_reject
572,pendo.io,easy_to_reject
573,deloitte.com,easy_to_reject
574,biblegateway.com,easy_to_reject
575,discogs.com,easy_to_reject
576,xerox.com,easy_to_reject
577,rapid7.com,easy_to_reject
578,ebay.de,easy_to_reject
579,sharethis.com,easy_to_reject
580,mckinsey.com,easy_to_reject
581,ancestry.com,easy_to_reject
582,onet.pl,easy_to_reject
583,hilton.com,easy_to_reject
584,elmundo.es,easy_to_reject
585,corriere.it,easy_to_reject
586,bol.com,easy_to_reject
587,weforum.org,easy_to_reject
588,marketwatch.com,easy_to_reject
589,vivo.com.cn,easy_to_reject
590,redislabs.com,easy_to_reject
591,avira.com,easy_to_reject
592,binance.com,easy_to_reject
593,apnews.com,easy_to_reject
594,withgoogle.com,easy_to_reject
595,cookiedatabase.org,easy_to_reject
596,atlassian.net,easy_to_reject
597,bumble.com,easy_to_reject
598,chartbeat.com,easy_to_reject
599,interia.pl,easy_to_reject
600,pexels.com,easy_to_reject
601,constantcontact.com,easy_to_reject
602,vidazoo.com,easy_to_reject
603,plex.tv,easy_to_reject
604,split.io,easy_to_reject
605,churnzero.net,easy_to_reject
606,chegg.com,easy_to_reject
607,agoda.com,easy_to_reject
608,mdpi.com,easy_to_reject
609,joinhoney.com,easy_to_reject
610,trendyol.com,easy_to_reject
611,shutterstock.com,easy_to_reject
612,bitdefender.net,easy_to_reject
613,chess.com,easy_to_reject
614,ecosia.org,easy_to_reject
615,permutive.com,easy_to_reject
616,marca.com,easy_to_reject
617,surfshark.com,easy_to_reject
618,mashable.com,easy_to_reject
619,epicgames.dev,easy_to_reject
620,samsungelectronics.com,easy_to_reject
621,onedrive.com,easy_to_reject
622,google.ru,easy_to_reject
623,otto.de,easy_to_reject
624,as.com,easy_to_reject
625,n-tv.de,easy_to_reject
626,cdnhwc2.com,easy_to_reject
627,sciencedaily.com,easy_to_reject
628,splashtop.com,easy_to_reject
629,biomedcentral.com,easy_to_reject
630,expedia.com,easy_to_reject
631,mobile.de,easy_to_reject
632,plesk.com,easy_to_reject
633,meethue.com,easy_to_reject
634,poki.com,easy_to_reject
635,typepad.com,easy_to_reject
636,bmj.com,easy_to_reject
637,vivo.com,easy_to_reject
638,classdojo.com,easy_to_reject
639,trello.com,easy_to_reject
640,quillbot.com,easy_to_reject
641,google.com.au,easy_to_reject
642,kleinanzeigen.de,easy_to_reject
643,india.com,easy_to_reject
644,caixa.gov.br,easy_to_reject
645,apa.org,easy_to_reject
646,dafont.com,easy_to_reject
647,google.nl,easy_to_reject
648,cloud.com,easy_to_reject
649,espncricinfo.com,easy_to_reject
650,cxense.com,easy_to_reject
651,zdnet.com,easy_to_reject
652,flashscore.com,easy_to_reject
653,wpengine.com,easy_to_reject
654,agora.io,easy_to_reject
655,livescore.com,easy_to_reject
656,gazzetta.it,easy_to_reject
657,americanexpress.com,easy_to_reject
658,jw.org,easy_to_reject
659,rightmove.co.uk,easy_to_reject
660,datadome.co,easy_to_reject
661,cookpad.com,easy_to_reject
662,magazineluiza.com.br,easy_to_reject
663,remove.bg,easy_to_reject
664,pvp.net,easy_to_reject
665,trustarc.com,easy_to_reject
666,meetup.com,easy_to_reject
667,garmin.com,easy_to_reject
668,ebay.it,easy_to_reject
669,hepsiburada.com,easy_to_reject
670,makemytrip.com,easy_to_reject
671,adswizz.com,easy_to_reject
672,pewresearch.org,easy_to_reject
673,watchguard.com,easy_to_reject
674,coursera.org,easy_to_reject
675,oreilly.com,easy_to_reject
676,hltv.org,easy_to_reject
677,sun.com,easy_to_reject
678,scientificamerican.com,easy_to_reject
679,notion.so,easy_to_reject
680,emag.ro,easy_to_reject
681,truste.com,easy_to_reject
682,funnyjunk.com,easy_to_reject
683,ekstrabladet.dk,easy_to_reject
684,geocities.com,easy_to_reject
685,here.com,easy_to_reject
686,nba.com,easy_to_reject
687,playrix.com,easy_to_reject
688,bt.dk,easy_to_reject
689,kurir.rs,easy_to_reject
690,livehindustan.com,easy_to_reject
691,ubi.com,easy_to_reject
692,dynamicyield.com,easy_to_reject
693,1mg.com,easy_to_reject
694,spiegel.de,easy_to_reject
695,sonnenbatterie.de,easy_to_reject
696,aljazeera.com,easy_to_reject
697,livescore.in,easy_to_reject
698,typekit.com,easy_to_reject
699,diretta.it,easy_to_reject
700,flashscore.com.br,easy_to_reject
701,letras.mus.br,easy_to_reject
702,flashscore.pl,easy_to_reject
703,flashscore.fr,easy_to_reject
704,hbo.com,easy_to_reject
705,deezer.com,easy_to_reject
706,slate.com,easy_to_reject
707,dhl.com,easy_to_reject
708,pluto.tv,easy_to_reject
709,dashlane.com,easy_to_reject
710,mirror.co.uk,easy_to_reject
711,barnesandnoble.com,easy_to_reject
712,coursehero.com,easy_to_reject
713,bitbucket.org,easy_to_reject
714,anydesk.com,easy_to_reject
715,rainberrytv.com,easy_to_reject
716,vinted.fr,easy_to_reject
717,tencent.com,easy_to_reject
718,asus.com,easy_to_reject
719,engadget.com,easy_to_reject
720,ultradns.com,easy_to_reject
721,digitaloceanspaces.com,easy_to_reject
722,politico.com,easy_to_reject
723,secureserver.net,easy_to_reject
724,brightcove.com,easy_to_reject
725,nextdoor.com,easy_to_reject
726,intermedia.net,easy_to_reject
727,mapbox.com,easy_to_reject
728,auvik.com,easy_to_reject
729,deepintent.com,easy_to_reject
730,dictionary.com,easy_to_reject
731,ringcentral.com,easy_to_reject
732,cloud.microsoft,easy_to_reject
733,sonobi.com,easy_to_reject
734,liftoff.io,easy_to_reject
735,google.co.id,easy_to_reject
736,acs.org,easy_to_reject
737,guardian.co.uk,easy_to_reject
738,segment.com,easy_to_reject
739,heapanalytics.com,easy_to_reject
740,globalpay.com,easy_to_reject
741,yotpo.com,easy_to_reject
742,timeanddate.com,easy_to_reject
743,google.co.th,easy_to_reject
744,privacymanager.io,easy_to_reject
745,honeywell.com,easy_to_reject
746,umbrella.com,easy_to_reject
747,ddnss.de,easy_to_reject
748,marmiton.org,easy_to_reject
749,amd.com,easy_to_reject
750,pandasecurity.com,easy_to_reject
751,wetransfer.com,easy_to_reject
752,nsone.net,easy_to_reject
753,ford.com,easy_to_reject
754,ign.com,easy_to_reject
755,siemens.com,easy_to_reject
756,google.com.vn,easy_to_reject
