,domain
8,mariefrance.fr
22,getbase.com
25,jivosite.com
28,force9.net
36,freegeoip.net
39,lifestylelatino.com
68,kaufmich.com
75,mfcr.cz
91,arubapec.it
99,wallapop.com
100,yopmail.com
121,insteon.com
127,foreverliving.com
131,thueringen.de
140,royal.uk
144,auctionet.com
151,ucy.ac.cy
154,tigerdroppings.com
198,boyner.com.tr
204,alaraby.co.uk
207,philips.co.uk
211,bms.com
217,theartnewspaper.com
220,goldprice.org
221,givesmart.com
238,reut.rs
242,rsvpify.com
254,mpaa.org
262,huffingtonpost.jp
294,neodatagroup.com
297,grunge.com
308,aepd.es
318,nutella.com
340,asem.it
355,pixabay.com
361,fordfoundation.org
362,dyson.fr
363,lever.co
374,getpocket.com
378,templafy.com
392,zonelabs.com
419,coca-colacompany.com
423,chaos.com
426,pmg.ua
453,ikea.gr
466,claude.ai
470,kastatic.org
475,tvn.pl
485,deloitte.com
489,centralparknyc.org
493,larksuite.com
496,groupon.de
523,strasbourg.eu
527,intercontinental.com
531,worldpackers.com
535,fout.jp
555,realtimetrains.co.uk
581,topsthcshop.com
582,mycasino77.com
591,blip.ai
603,self.com
611,newsru.co.il
633,fastcodesign.com
648,dragcave.net
652,socrative.com
655,piaggio.com
666,attentivemobile.com
679,stuartweitzman.com
689,xtubecinema.today
693,netto-online.de
702,blog4ever.com
705,meczyki.pl
728,llu.edu
734,tcl.com
740,cosme.net
741,alphainstitutional.co.uk
744,uoi.gr
778,dreame.com
790,duo.com
798,usabilla.com
807,glaz.tv
808,raidboxes.net
810,neonmag.fr
853,strath.ac.uk
864,rhs.org.uk
873,google.com.py
875,yaledailynews.com
880,truyo.com
921,telegraaf.nl
939,cuatro.com
943,remerge.io
950,t-nation.com
954,iza.ne.jp
972,redis.io
976,etermax.com
993,ricardo.ch
1018,bit.ly
1019,cvshealth.com
1026,img-cache.net
1043,newsweek.pl
1048,esbnyc.com
1052,westmancom.com
1053,nst.com.my
1056,wahoofitness.com
1075,onceuponachef.com
1101,live5news.com
1109,antenne.de
1118,linx.net
1136,honey.io
1143,elasticemail.com
1154,pg-tradenet.de
1159,lut.ac.uk
1174,visioncritical.com
1181,paginebianche.it
1187,infusionsoft.com
1203,hubinternational.com
1213,sorbonne-universite.fr
1217,syncromsp.com
1218,oceana.org
1224,timesleader.com
1226,google.com.fj
1245,nexicom.net
1246,pwsweather.com
1270,straightdope.com
1279,maltatoday.com.mt
1282,tsf.pt
1289,theworlds50best.com
1312,educationperfect.com
1316,retailmenot.com
1335,thequint.com
1338,tango.me
1364,dutchnews.nl
1367,benzinga.com
1374,humanite.fr
1401,waterstones.com
1409,placeiq.com
1419,jiji.com
1435,verifone.com
1456,government.se
1469,animenewsnetwork.com
1470,lincoln.com
1471,google.gr
1472,englisch-hilfen.de
1477,jsonline.com
1487,cruisecritic.net
1497,pionline.com
1501,nanoreview.net
1506,ingv.it
1524,plus.nl
1526,nordlayer.com
1538,unglobalcompact.org
1546,sennheiser.com
1554,ceu.edu
1559,netsuite.com
1561,airhelp.com
1563,classiccars.com
1567,aber.ac.uk
1590,basketball-reference.com
1596,foundationmedicine.com
1603,mylondon.news
1604,evolveip.uk
1605,stesti.cz
1612,lsbu.ac.uk
1613,privatbank.ua
1614,itftennis.com
1632,agilixbuzz.com
1637,talent.com
1647,summitpost.org
1654,eurodate.com
1672,pubgalaxy.com
1692,examsoft.com
1696,watoday.com.au
1711,personio.com
1723,neurosciencenews.com
1727,cibc.com
1737,moonfare.com
1738,fixya.com
1740,unicajabanco.es
1741,sphero.com
1763,genesis.com
1778,msdp1.com
1781,inbenta.io
1795,sitejabber.com
1809,crewapp.com
1814,baynews9.com
1825,rrd.com
1833,movistarplus.es
1838,softwareag.com
1855,coffeemanga.io
1861,detnews.com
1864,tagheuer.com
1907,google.com.br
1950,fave.co
1962,folkhalsomyndigheten.se
1969,viva.co.id
1991,stepstone.de
1994,ecomexpress.in
2008,word.tips
2019,worldnetdaily.com
2034,directindustry.com
2041,espncricinfo.com
2044,drugs.com
2065,apollographql.com
2067,unlayer.com
2069,ioam.de
2077,happyreturns.com
2081,fb.watch
2108,ihi.org
2110,arsys.es
2113,strp.chat
2116,zooplus.pl
2121,deezer.com
2143,ariat.com
2199,zeplin.io
2222,cheatmyvegas.com
2226,linode.com
2246,section.io
2279,elcomercio.es
2285,solarwinds.com
2286,gamerevolution.com
2291,cellcom.co.il
2302,brighttalk.com
2303,funnyordie.com
2309,autoc-one.jp
2328,xprize.org
2332,onet.pl
2336,topky.sk
2363,betfair.com
2386,casapariurilor.ro
2387,weatherlive.info
2394,jet2holidays.com
2395,geniussis.com
2396,southernliving.com
2430,emjcd.com
2432,toucharcade.com
2455,ad-magazin.de
2460,uni-mannheim.de
2465,irinnews.org
2482,thenationonlineng.net
2489,utusan.com.my
2495,britishcouncil.org
2499,vtex.com
2544,owenscorning.com
2575,lot.com
2587,mercadolibre.com.ar
2592,brevo.com
2596,sparkpeople.com
2605,creditdonkey.com
2607,iledefrance-mobilites.fr
2608,best-sexy-brides.com
2612,caixa.gov.br
2637,splashthat.com
2662,webhostinghub.com
2669,derbytelegraph.co.uk
2683,stirileprotv.ro
2685,ichotelsgroup.com
2723,mediaset.es
2731,uslegal.com
2738,weatheronline.co.uk
2750,landrover.com
2766,github.blog
2772,umu.se
2780,podcastaddict.com
2789,turbify.com
2801,usersnap.com
2825,hbo.com
2826,montgomeryadvertiser.com
2828,isc2.org
2836,suunto.com
2838,keymachine.de
2839,qgenda.com
2845,howlongtobeat.com
2858,salemove.com
2864,which.co.uk
2872,iamresponding.com
2878,wpxhosting.com
2891,soccervital.com
2892,audiojungle.net
2895,news24.com
2905,az.pl
2909,gettyimages.fr
2920,dhosting.pl
2923,tailieumoi.vn
2939,goldderby.com
2957,deviantart.com
2969,ge.com
2995,gcn.com
2996,nxt.com
3005,fotocasa.es
3041,elektroda.pl
3044,playvalorant.com
3057,onmanorama.com
3100,wifenow.net
3105,nesn.com
3113,regjeringen.no
3124,dexcom.com
3146,bigfishgames.com
3163,zen.co.uk
3178,paruvendu.fr
3195,nanas018.com
3205,rbs.com
3212,channeladvisor.com
3227,pubgmobile.com
3240,reed.co.uk
3244,google.com.tw
3263,elcompanies.com
3268,meteomedia.com
3270,abnamro.nl
3284,fb.com
3298,qlik.com
3303,econda-monitor.de
3313,weddingwire.in
3358,shefinds.com
3382,wunderground.com
3399,yolla.io
3453,adn.com
3459,whova.com
3465,hubspot.es
3475,indiedb.com
3483,brp.com
3487,chello.nl
3507,coe.int
3510,rotowire.com
3527,wacom.com
3534,musicmagpie.co.uk
3549,fashion-press.net
3554,google.com.vc
3556,ringcentral.com
3558,merdeka.com
3560,boohooman.com
3572,better.org.uk
3576,teltonika.lt
3577,hollywoodreporter.com
3579,upatras.gr
3591,averydennison.com
3604,traveler.es
3637,dns.pt
3653,jovencitas.gratis
3682,sift.com
3692,montefiore.org
3699,barrons.com
3731,lbc.co.uk
3760,worcesternews.co.uk
3770,parkrun.org.uk
3775,fantrax.com
3776,2cercas.com
3789,frvr.com
3814,uniformadvantage.com
3815,stylewe.com
3829,ecfr.eu
3865,iledefrance.fr
3868,minimalistbaker.com
3896,mailtrack.io
3910,asuratoon.com
3913,otomoto.pl
3924,boldcommerce.com
3930,campingworld.com
3939,dikgames.com
3977,aub.ac.uk
3979,ilandcloud.com
4008,vidio.com
4025,aagag.com
4037,mydomaine.com
4076,microfocus.com
4079,boddlelearning.com
4085,stanley1913.com
4086,findarticles.com
4094,writeupcafe.com
4100,agoda.com
4103,bold.dk
4111,soundonsound.com
4156,warcraftlogs.com
4164,jumbo.com
4169,icptrack.com
4172,hoc247.net
4185,landbot.io
4230,euronews.com
4233,totalbattle.com
4269,daijiworld.com
4279,flyff.com
4288,uniandes.edu.co
4296,airtransat.com
4311,hitv.com
4312,fusionauth.io
4320,hoy.com.do
4321,giant-bicycles.com
4325,marvelsnapzone.com
4337,tikkie.me
4342,allkpop.com
4345,provetcloud.com
4348,sensehq.com
4360,alfavita.gr
4361,optable.co
4378,capital.fr
4384,exa-networks.co.uk
4404,fogaonet.com
4428,moegirl.org.cn
4429,lotterypost.com
4433,insidehook.com
4479,faire.com
4481,mawdoo3.com
4496,avakin.com
4506,loandepot.com
4536,7shifts.com
4548,immoscout24.ch
4551,eapps.com
4564,prensalibre.com
4571,jobs.nhs.uk
4583,yorozoonews.jp
4592,keralakaumudi.com
4610,marieclaire.fr
4616,kawasaki.com
4627,phrma.org
4630,o2online.de
4633,bnf.fr
4636,grandstream.com
4644,quizzclub.com
4646,bumble.com
4652,qubit.com
4656,mthai.com
4660,native-instruments.com
4663,weather.com
4674,drogaraia.com.br
4675,ddnss.de
4678,blu-ray.com
4698,feelgoodfoodie.net
4701,moneris.com
4702,nespresso.com
4720,sandiegoreader.com
4724,immersivelabs.online
4728,secretescapes.de
4735,nutanix.com
4741,officeppe.com
4745,redcanary.co
4773,surferseo.com
4774,dailykarma.io
4786,ais.th
4796,fortnite.gg
4803,etix.com
4815,y99.in
4818,ruhrnachrichten.de
4820,rbc.com
4830,vanguardia.com
4838,karenmillen.com
4846,ohpolly.com
4858,idrlabs.com
4874,dreamlab.pl
4882,eurotunnel.com
4916,fdr.com.br
4917,zimbra.com
4931,fdj.fr
4942,sunnyportal.com
4950,planespotters.net
4964,africanews.com
4995,rhein-zeitung.de
4996,sothebys.com
5009,cookiereports.com
5015,playfab.com
5043,instinet.com
5051,arup.com
5058,groupon.fr
5090,intacct.com
5103,nio.com
5122,pcstore.com.tw
5141,fordham.edu
5157,royalcaribbean.com
5158,gamewith.jp
5161,universitypressscholarship.com
5162,leadership.ng
5184,campaignlive.co.uk
5197,foreo.com
5210,pagar.me
5253,activecampaign.com
5256,koreaboo.com
5275,mancity.com
5283,tonies.com
5287,culvers.com
5293,venus.com
5319,grow.me
5350,trading212.com
5361,spreaker.com
5377,arcelik.com.tr
5378,robbreport.com
5379,square.site
5387,spamexperts.com
5393,barilla.com
5402,theaa.com
5415,tipalti.com
5420,woocommerce.com
5455,ghacks.net
5467,oreo.com
5471,hymnary.org
5495,abc.com.py
5502,expedia.com
5519,demotywatory.pl
5524,pocketnewsapp.com
5534,calameo.com
5542,plotly.com
5549,kruidvat.nl
5550,tv9hindi.com
5552,laurren.icu
5556,unitedhealthgroup.com
5559,hover.to
5574,wipro.com
5608,fontys.nl
5620,memo.co
5629,charitywater.org
5632,tvb.com
5637,ensedeciencia.com
5647,wlo.link
5707,fsymbols.com
5716,carto.com
5727,t-mobile.nl
5750,washingtonpost.com
5758,safecharge.com
5811,levante-emv.com
5813,bartleby.com
5835,google.bf
5837,storyworth.com
5842,facs.org
5858,thecrimson.com
5875,aeriagames.com
5878,myuplink.com
5883,hespress.com
5892,cpanel.com
5895,emojiterra.com
5908,google.ba
5909,thefa.com
5922,ubi.com
5930,ntnews.com
5961,comic-con.org
5968,fireworktv.com
5971,dhankesariresults.in
6006,typepad.com
6024,nxp.net
6033,sscdn.co
6035,informs.org
6046,informaticacloud.com
6049,nsctotal.com.br
6054,psychiatry.org
6083,fmkorea.com
6102,mendixcloud.com
6104,ua.es
6106,inskinad.com
6119,extremechat.com
6138,myfonts.com
6152,postmates.com
6154,opus.pro
6155,chick-fil-a.com
6169,pro.sony
6179,goguardian.com
6183,boardgamegeek.com
6186,wweek.com
6188,clock-software.com
6201,cite-sciences.fr
6208,fwi.co.uk
6221,appland.se
6227,superawesome.com
6228,pepperstone.com
6232,twitchy.com
6238,investopedia.com
6258,tickets.com
6270,thrillist.com
6276,galeria.de
6290,cvent.com
6293,melmagazine.com
6315,hotair.com
6342,odatv4.com
6346,mskcc.org
6350,portalbrasil.net
6365,gimmesomeoven.com
6385,sunpower.com
6400,sonnen.cloud
6429,anydesk.com
6446,zooplus.de
6459,rootsweb.com
6466,xoso.mobi
6472,nidirect.gov.uk
6489,profitwell.com
6491,nvidia.cn
6515,ukrinform.ua
6531,radioformula.com.mx
6548,huggies.com
6553,around.co
6557,maze.co
6566,vetmanager2.ru
6605,ascd.org
6609,suse.com
6612,kentucky.com
6643,minecraftskins.com
6648,prothomalo.com
6657,goodyear.eu
6663,quizscape.com
6670,visualsoft.co.uk
6678,michiganmedicine.org
6679,secondlife.com
6687,target2sell.com
6719,eurobridefinder.com
6720,waymarking.com
6730,smartly.io
6754,acquia.com
6776,filipinocupid.com
6792,foot01.com
6816,boost.ai
6835,bloxd.io
6839,themighty.com
6866,hacksawgaming.com
6869,chello.at
6892,coolmathgames.com
6896,ask.com
6897,linksys.com
6902,levi.com
6906,slideplayer.com
6928,beko.com
6933,greatbritishchefs.com
6944,chainalysis.com
6960,upwitheaway.info
6990,nexttv.com
6993,itprotoday.com
6997,airliners.net
7012,pinkvilla.com
7013,expatriates.com
7019,informador.mx
7040,testberichte.de
7060,google.com.my
7062,elmueble.com
7065,formative.com
7075,nai.com
7099,r7.com
7118,ifrs.org
7136,movember.com
7140,spotify.com
7152,vodafonemail.de
7194,angel.com
7196,phenixrts.com
7223,psg.fr
7224,sixt.com
7230,papaki.gr
7233,footballpredictions.com
7234,hipertextual.com
7247,getcontact.com
7251,caradisiac.com
7259,wallonie.be
7261,travelzoo.com
7267,plex.com
7286,hotschedules.com
7293,gizbot.com
7315,sports.kz
7323,admanmedia.com
7333,dazeddigital.com
7370,fatface.com
7398,bt.com
7401,confirmit.com
7419,thedrinksbusiness.com
7431,directoalpaladar.com
7451,dowjones.com
7462,drugbank.com
7464,rakuten.com.tw
7470,hokkaido-np.co.jp
7472,blendlabs.com
7483,bethesda.net
7489,transparency.org
7498,openculture.com
7500,dpbolvw.net
7544,omnicalculator.com
7551,wordpress.com
7564,washington.org
7572,lightningmaps.org
7575,keywee.co
7617,wadax.ne.jp
7627,3ds.com
7646,elance.com
7656,polygon.com
7660,minfin.com.ua
7666,providencejournal.com
7668,wuaki.tv
7669,chicagobooth.edu
7681,atresplayer.com
7684,mastercard.com.au
7706,google.com.lb
7709,6park.com
7710,xunta.gal
7713,circle.so
7721,kobe-np.co.jp
7722,planetradio.co.uk
7723,cureus.com
7738,topgear.com
7767,qgraph.io
7788,deliveryhero.net
7794,zootweb.com
7796,sugarcrm.com
7806,format.com
7846,newzit.com
7855,houstonmethodist.org
7874,codetwo.com
7913,eurosport.de
7916,popmatters.com
7921,thejournal.ie
7933,gamepix.com
7934,turfomania.fr
7935,yandex.kz
7940,thecozycook.com
7945,ajg.com
7962,logopond.com
7966,sitepoint.com
7986,mondelezinternational.com
8012,lookout.com
8040,planetf1.com
8079,lubimyczytac.pl
8117,aircall.io
8122,nicequest.com
8133,ebay.co.uk
8137,hvylya.net
8143,kidoodle.tv
8159,testlericoz.com
8174,earth.com
8181,lyngsat.com
8186,thieme.de
8191,rainberrytv.com
8193,dat.com
8203,manh.com
8210,aegpresents.com
8216,influenster.com
8219,limacharlie.io
8220,userway.org
8228,dhakapost.com
8237,boozt.com
8270,vanguardngr.com
8272,vailresorts.com
8287,vagas.com.br
8308,infonline.de
8312,secure-platform.com
8317,curiositystream.com
8318,advantech.com
8319,miarroba.com
8346,ctee.com.tw
8357,tdk.com
8358,thebookseller.com
8364,londonist.com
8372,kongregate.com
8374,usercentrics.eu
8376,thriftbooks.com
8412,kiwisizing.com
8419,ewn.co.za
8425,movableink.com
8436,networkworld.com
8444,everydaypower.com
8478,thisdaylive.com
8502,allegrolokalnie.pl
8532,bruker.com
8542,forumz.info
8554,compassion.com
8559,remini.ai
8562,flytap.com
8569,askubuntu.com
8574,tutotoons.com
8578,moncler.com
8587,thebunker.net
8600,melvad.com
8603,dotesports.com
8621,ferrero.com
8625,visma.com
8639,minecraftforum.net
8640,wisestamp.com
8651,lacapital.com.ar
8658,isaca.org
8718,tn.com.ar
8766,adoric.com
8770,welovetennis.fr
8773,affordablehousing.com
8776,consumercellular.com
8803,fsolver.fr
8809,travelaudience.com
8822,nuovopay.com
8829,siteground.biz
8843,saudigazette.com.sa
8850,orange.md
8863,iogear.com
8874,my-hammer.de
8886,ndtv.com
8898,forumactif.com
8907,autonews.com
8908,businesstoday.in
8913,dprime.kr
8914,ezvizlife.com
8922,tether.to
8942,egnyte.com
8943,bancobpi.pt
8970,travis-ci.org
8971,flashb.id
8978,uaudio.com
8987,dailypaws.com
9009,pentapostagma.gr
9030,linuxfoundation.org
9042,allthingsd.com
9046,discovery.co.za
9056,google.ca
9058,scalefusion.com
9067,seeklogo.com
9081,la-z-boy.com
9083,antena3.ro
9088,researcherid.com
9091,relay.school
9112,bollymoviereviewz.com
9119,rocketdrivers.com
9120,government.bg
9141,trainingzone.co.uk
9170,pollstar.com
9192,lexisnexis.com
9193,isdin.com
9202,regent.edu
9214,aman.com
9219,timesnowhindi.com
9220,carters.com
9264,webme.it
9266,hmhco.com
9267,shonenjumpplus.com
9269,lytics.io
9289,vitals.co
9319,payoneer.com
9353,cathaypacific.com
9361,livebox.cz
9403,nspcc.org.uk
9412,permutive.com
9422,fortnite.com
9437,dreamwiz.com
9459,namecheap.com
9473,21vek.by
9475,uis.edu
9476,acuitybrands.com
9477,mako.co.il
9485,canalys.com
9496,cdnhwc2.com
9503,webteb.com
9507,eastman.com
9524,standardchartered.com
9526,airforce.com
9529,bringatrailer.com
9548,flashscore.in
9583,callsign.com
9596,name.com
9600,mangakakalot.com
9623,sndcdn.com
9631,thewindowsclub.com
9639,hindawi.com
9644,spacenk.com
9648,ably.io
9653,berlitz.com
9661,bloodhorse.com
9677,johndeereandco.com
9680,visa.com
9688,kaust.edu.sa
9703,streetuptowind.com
9713,lightinthebox.com
9718,google.com.ph
9726,ahajournals.org
9730,enea.pl
9744,mediaworld.it
9751,phoca.cz
9760,tradepending.com
9767,xfree.com
9789,braze.com
9814,radiojar.com
9816,networkrail.co.uk
9821,quotefancy.com
9858,rothys.com
9866,ddnss.org
9881,madeiramadeira.com.br
9885,ipsharkk.com
9887,selfstudys.com
9889,youneedabudget.com
9897,amphora.net
9900,companiesmarketcap.com
9906,sissa.it
9918,one.co.il
9945,cnn.gr
9950,zineone.com
9960,loopiagroup.com
9963,ecco.com
9982,ovh.co.uk
10009,ajax.systems
10031,short.io
10043,amazonaws.com.cn
10049,akhbaralaan.net
10052,glowing.com
10068,solana.com
10070,ekiten.jp
10074,stackoverflow.com
10130,enrollbusiness.com
10133,wvmetronews.com
10138,sportsbusinessjournal.com
10144,mendix.com
10149,lorexddns.net
10150,stacksocial.com
10153,wwf.de
10159,susu.ru
10164,trekbikes.com
10165,xfire.com
10181,newworldencyclopedia.org
10202,exactag.com
10210,the-dots.com
10222,chowhound.com
10235,valeursactuelles.com
10248,tangooserver.com
10251,myjewishlearning.com
10263,sdsys.ru
10280,hmpgloballearningnetwork.com
10283,mixmax.com
10290,instructure.com
10308,babble.com
10324,observatoiredesmarques.fr
10333,76.ru
10341,unbounce.com
10346,recombee.com
10355,theeastafrican.co.ke
10359,heraldo.es
10366,okcupid.com
10381,infosecinstitute.com
10410,sony.net
10411,pagefly.io
10415,freiepresse.de
10422,vivitusuerte.com
10428,wfsb.com
10432,cargurus.co.uk
10441,pokecommunity.com
10469,timenews.co.id
10483,bolsamania.com
10490,topagrar.com
10509,zenoti.com
10510,pixfs.net
10512,ozbargain.com.au
10519,itnews.com.au
10539,nintendo.fr
10546,tapology.com
10560,teepublic.com
10567,lerobert.com
10573,pcmag.com
10579,somoynews.tv
10611,indiabix.com
10619,prusa3d.com
10624,mamamia.com.au
10625,internetlivestats.com
10626,uab.edu
10631,xsmn.mobi
10660,autocar.co.uk
10714,law.com
10731,tapatalk.com
10733,rd.nl
10741,advisory.com
10755,providesupport.com
10759,westernsydney.edu.au
10762,onelogin.com
10768,howtoforge.com
10775,z2u.com
10777,trendyol.com
10778,gls-group.eu
10812,enca.com
10816,bk.com
10821,codenet.one
10830,wired.com
10852,anantara.com
10898,healthequity.com
10905,monster.com
10913,mahidol.ac.th
10917,officialcharts.com
10946,bluehost.in
10954,nationaljournal.com
10955,cerave.com
10960,wisconsin.edu
10965,woo.com
10986,princesspolly.com
11000,join.chat
11003,big7.com
11007,myinstants.com
11008,doctolib.com
11020,barracudanetworks.com
11027,ikarus.at
11035,ludwig.guru
11038,servidoresdns.net
11052,kraken.com
11061,stormshield.eu
11070,google.co.tz
11086,thecalculatorsite.com
11093,partnerstack.com
11107,fr-dating-reviews.com
11121,nejm.org
11143,worldpressphoto.org
11152,rtl.lu
11168,srugim.co.il
11177,foreca.com
11194,sony.jp
11207,mediawayss.com
11214,adaptavist.com
11217,mingpao.com
11318,zakon.kz
11331,uj.ac.za
11356,backmarket.fr
11361,bt.co.uk
11364,simplepractice.com
11386,vanityfair.it
11391,gamma.app
11392,scarehome.com
11415,nbcnewyork.com
11423,lihkg.com
11437,unitedway.org
11438,thedodo.com
11452,amcnetworks.com
11494,lureit.ru
11499,twitch.tv
11502,wpbeaverbuilder.com
11518,loansocieties.com
11520,jagex.com
11521,soma.com
11532,nta.co.jp
11544,twitchtracker.com
11565,loteriasdominicanas.com
11569,fing.com
11571,mediaforge.com
11594,responsiveads.com
11599,cupidbrides.com
11622,indianexpress.com
11628,t-mobile.pl
11631,doodle.com
11638,bundeswehr.de
11643,bigissue.com
11647,split.io
11668,chicagobears.com
11682,ip-only.net
11685,j.mp
11689,tezenis.com
11716,desire2learn.com
11720,eprice.it
11723,zspeed-cdn.com
11734,poool.fr
11779,rhul.ac.uk
11781,tokubai.co.jp
11783,unnes.ac.id
11795,realtime.email
11800,informa.com
11806,bang-olufsen.com
11810,shoop.de
11812,fieldedge.com
11838,kickresume.com
11848,mrctv.org
11861,delltechnologies.com
11872,ulpgc.es
11877,lanouvellerepublique.fr
11898,arcticwolf.net
11904,clarivate.com
11917,tampermonkey.net
11945,eatthis.com
11949,manithan.com
11957,monografias.com
11970,krunker.io
11980,hydro.com
11994,clara.net
11998,bizzabo.com
12001,bananarepublic.com
12003,ckeditor.com
12026,shufoo.net
12031,tattle.life
12032,ilo.org
12034,nintendo.com
12041,topendsports.com
12043,ricoh.com
12047,iwm.org.uk
12060,yandex.com.tr
12067,platoboost.com
12082,toysrus.com
12100,planetadelibros.com
12112,light.gg
12123,zegocloud.com
12136,knak.io
12148,thousandeyes.com
12154,motive.com
12156,xhamsternft.com
12172,motortrend.com
12173,chicagobusiness.com
12183,jampp.com
12203,tiqets.com
12240,nasuni.com
12242,epsilon.com
12256,ilovepdf.com
12270,watchguard.com
12282,pluginboutique.com
12291,androidfilehost.com
12297,elliemae.com
12309,elpuntavui.cat
12329,nola.com
12336,abajournal.com
12381,kurzy.cz
12385,tourismthailand.org
12405,winknews.com
12409,vio.com
12421,ping.com
12424,milesplit.com
12433,therichest.com
12454,unipr.it
12481,merchbar.com
12498,pdfescape.com
12508,patriots.com
12539,tvguide.com
12540,boredpanda.com
12544,ferragamo.com
12558,homegate.ch
12564,hindustantimes.com
12578,jaguar.com
12602,bleepingcomputer.com
12627,sage.com
12628,wellcome.ac.uk
12630,journaldequebec.com
12658,swisscom.ch
12693,e-boks.dk
12717,livestream.com
12720,itainews.com
12723,qmul.ac.uk
12739,kyoto-np.co.jp
12749,constellix.net
12761,firstbus.co.uk
12772,loyverse.com
12848,beltelecom.by
12859,crosswalk.com
12872,thestar.co.uk
12890,nitrado.net
12903,quiz-facts.com
12915,mtv.com
12964,gridx.de
12966,forpsi.com
12972,worlddata.info
12985,transfery.info
12994,eurosport.it
13018,aemps.es
13026,jeuxvideo.com
13030,websiteoutlook.com
13063,colombia.com
13080,rosettastone.com
13087,ezgif.com
13091,keen.io
13099,betexplorer.com
13126,fasebj.org
13128,flowcode.com
13151,oculus.com
13155,directdomains.com
13160,randstadusa.com
13166,cmt.com
13180,weworkremotely.com
13208,datacenterdynamics.com
13226,legal500.com
13257,supermarketnews.com
13276,lottopcso.com
13278,beautyforbrides.net
13304,xylem.com
13305,tag24.de
13329,jssor.com
13344,governing.com
13358,terrayou.com
13359,qublixaws.com
13371,deckers.com
13412,bredband2.com
13415,accedo.tv
13481,welcometothejungle.com
13490,usertesting.com
13496,deliveroo.net
13497,sheknows.com
13502,globalsign.net
13511,substack.com
13514,jelastic.cloud
13523,urv.cat
13528,natura.com.br
13544,camscanner.com
13564,dhgate.com
13568,zoom.us
13579,crowdstrike.com
13580,eliteprospects.com
13585,eurosport.ro
13589,dna.fr
13590,news18.com
13596,gazetakrakowska.pl
13599,tvnow.de
13608,ingrammicro.com
13611,dlocal.com
13628,een.com
13630,zype.com
13633,bufferapp.com
13635,telemagazyn.pl
13641,sqills.com
13653,tastecooking.com
13663,madreview.net
13667,pastebin.com
13676,dnaindia.com
13677,weightwatchers.de
13686,sportingbet.com
13700,alexandermcqueen.com
13735,chargepoint.com
13742,thoughtworks.com
13746,crooksandliars.com
13750,mignews.com
13756,safra.com.br
13766,regonline.com
13777,platformsh.site
13784,parfois.com
13792,businessinsurance.com
13813,presseportal.de
13825,thelocal.es
13826,youm7.com
13856,tuko.co.ke
13863,gaijin.net
13877,boosteroid.com
13884,cleverpush.com
13887,l3harris.com
13903,migros.ch
13916,mef.gov.it
13949,itsnicethat.com
13956,bureauveritas.com
13997,harryanddavid.com
14016,guardsquare.com
14022,circlek.com
14024,redorbit.com
14046,flightstats.com
14055,telepolis.pl
14062,honeycomb.io
14073,telekom.hu
14074,teslamotorsclub.com
14080,taxjar.com
14081,offers.com
14082,breezy.hr
14091,progress.com
14130,ycharts.com
14145,goodnewsnetwork.org
14147,london.edu
14158,ukr.net
14184,rakuten.co.uk
14190,moo.com
14197,keepsolid.com
14203,firsturl.de
14204,visitscotland.com
14217,revistaad.es
14234,repsol.com
14241,embarcadero.com
14255,fasthosts.co.uk
14274,ynet.co.il
14313,vegrecipesofindia.com
14318,britishmuseum.org
14327,marketbeat.com
14338,dallascowboys.com
14375,bestbuy.ca
14378,natgeotv.com
14386,thomassabo.com
14394,redditinc.com
14413,seekingalpha.com
14421,uesp.net
14427,talksport.com
14434,nic-ge.com
14445,iospress.com
14486,accu-weather.com
14496,maximintegrated.com
14497,navytimes.com
14519,mddservices.com
14524,rituals.com
14526,nessus.org
14527,swiss.com
14544,uts.edu.au
14568,btrl.ro
14569,bridesrussia.net
14581,finecobank.com
14586,telkom.co.za
14587,enseeiht.fr
14617,proxibid.com
14621,ytv.co.jp
14646,alphacollect.co.uk
14647,t-mobile.at
14671,ebay.nl
14672,borgwarner.com
14690,rainbird.com
14694,libero.it
14705,starfavormobi.com
14710,snapcraft.io
14715,preppykitchen.com
14720,dnsup.net
14744,prosport.ro
14751,be-mobile.biz
14753,bilbasen.dk
14780,craft.co
14837,slidescarnival.com
14856,clarecontrols.com
14900,dealmoon.com
14901,heavens-above.com
14913,nzxt.com
14914,asurascans.com
14917,webself.net
14933,alibaba.com
14936,prysmiangroup.com
14955,linktr.ee
14959,booztlet.com
14973,pdfarchitect.org
14975,snackvideo.com
14980,fotka.com
14985,spine-health.com
14990,frandroid.com
14993,aerzteblatt.de
15015,ilpost.it
15036,windowsreport.com
15061,istockphoto.com
15071,astound.com
15092,getgalatea.com
15129,antena3.com
15137,anu.edu.au
15153,usconcealedcarry.com
15177,pledge.to
15184,morele.net
15192,altrulabs.com
15197,jdsports.co.uk
15204,monday.com
15210,hongkongfp.com
15215,autoscout24.at
15218,autoscout24.de
15251,thoughtcatalog.com
15269,beachbody.com
15275,termly.io
15276,benjaminmoore.com
15279,stackstorage.com
15284,icccricketschedule.com
15288,adtrue.com
15315,bloomingdales.com
15319,glassdoor.com.br
15395,bundesliga.com
15396,google.ht
15399,nissen.co.jp
15414,visiblemeasures.com
15431,europe1.fr
15437,adsterra.com
15457,zendesk.co.uk
15461,yieldmo.com
15485,insided.com
15525,fh-joanneum.at
15541,pomdns.com
15542,hexa3d.io
15548,omgubuntu.co.uk
15557,certinia.com
15565,mparticle.com
15574,behance.com
15591,mysmartprice.com
15599,ar15.com
15618,oeaw.ac.at
15619,tenforums.com
15622,monster.it
15628,hotspotshield.com
15652,xing.com
15662,eurosport.com
15706,interno.it
15716,saga.co.uk
15722,websiteplanet.com
15723,zahav.ru
15768,euroleaguebasketball.net
15773,raiplaysound.it
15791,pinkbike.com
15794,vente-unique.com
15811,cbs.dk
15828,hellosign.com
15852,yabiladi.com
15859,fow.kr
15864,allsugardaddy.com
15880,pr0gramm.com
15884,asahibeer.co.jp
15926,openpath.com
15949,lmt.lv
15964,appier.net
15969,apphud.com
15976,vente-privee.com
15990,battle.net
15995,glympse.com
15996,the-news-desk.com
15998,lawsociety.org.uk
16006,cameramanager.com
16016,thesprucecrafts.com
16019,zdnet.fr
16032,dsm.com
16036,beatstars.com
16041,ricardocuisine.com
16065,online-reservations.com
16069,elle.com
16073,footmercato.net
16098,google.co.ma
16099,trafficnews.jp
16100,hcltech.com
16104,enuygun.com
16111,economist.com
16114,hella.com
16125,kennedyspacecenter.com
16128,brighton.ac.uk
16135,cex.io
16143,google.tg
16149,primark.com
16154,1bet2bet.com
16175,gametop.com
16185,bulk.com
16188,adidas.com
16197,tubebuddy.com
16198,springer.com
16204,filmweb.pl
16206,alz.org
16233,arkansasonline.com
16249,dream.jp
16258,kamihq.com
16295,game-insight.com
16321,dolarhoy.com
16325,bechtle.com
16335,globfone.com
16344,tudogostoso.com.br
16367,prweb.com
16375,ugent.be
16379,kompas.id
16389,planetary.org
16398,elfinanciero.com.mx
16449,riverside.fm
16460,stripe.com
16468,sharefile.com
16487,unideb.hu
16495,hostingpalvelu.fi
16527,chunkbase.com
16533,hallmark.com
16534,worldfootball.net
16552,tgdaily.com
16557,americanheart.org
16567,hasbro.com
16592,alivecor.com
16630,audioaddict.com
16643,vinted.lt
16650,cfainstitute.org
16666,fox8live.com
16678,brightvpn.com
16683,pingidentity.com
16692,pinterestdownloader.com
16693,picmonkey.com
16740,dotdigital.com
16743,timeshighereducation.co.uk
16746,cbsig.net
16754,mailerlite.com
16763,rockhall.com
16787,quantum.com
16792,gandul.ro
16794,basis.net
16817,heanet.ie
16825,getdrip.com
16833,google.kg
16834,topps.com
16836,synology.com
16839,kantar.com
16870,marineinsight.com
16899,flowplayer.org
16903,nttdataservices.com
16920,deserve.com
16985,cyclingnews.com
17001,battlefields.org
17003,lematin.ch
17011,goquiq.com
17020,allkeyshop.com
17053,tomorrowland.com
17065,sweet.tv
17108,ko.com
17109,avl.com
17121,lastminute.com
17149,wsj.net
17176,ri.se
17182,tntsports.com.br
17216,snkrdunk.com
17218,androidheadlines.com
17230,baby-walz.de
17232,ico.org.uk
17255,veevacrm.com
17256,myjoyonline.com
17314,helium10.com
17326,computerweekly.com
17340,bingoblitz.com
17348,sympla.com.br
17350,bright-sdk.com
17354,theforce.net
17355,securelist.com
17364,roberthalf.com
17380,dagospia.com
17405,ton.com.br
17407,icicibank.com
17443,online2pdf.com
17460,rfa.com
17468,idf.org
17486,vektor-inc.co.jp
17511,todamateria.com.br
17512,zenbusiness.com
17533,asianetnews.com
17537,sj.se
17538,manomano.fr
17558,fodors.com
17581,smarttech.com
17588,zoom.com
17613,nintendo.de
17618,rainforest-alliance.org
17621,king.com
17628,i.pl
17631,monstersandcritics.com
17639,gene.com
17651,glami.gr
17675,openstax.org
17678,godiva.com
17693,soclminer.com.br
17695,thieme-connect.de
17706,qksrv.net
17742,staplesadvantage.com
17744,terra.com
17772,letitia.space
17833,flagship.io
17846,orange.es
17852,pubhtml5.com
17855,snapsave.app
17858,penguin.de
17870,pageuppeople.com
17878,nbcsportsphiladelphia.com
17888,astroawani.com
17889,dailyshincho.jp
17902,mms.com
17903,mastercard.us
17917,beacons.ai
17927,lcl.fr
17941,paceap.com
17958,spacedaily.com
17962,conviva.com
17975,inkling.com
17994,biblestudytools.com
18004,gameblog.fr
18019,golf.com
18042,agorapulse.com
18046,visitberlin.de
18050,matillion.com
18066,grancursosonline.com.br
18082,mueller.de
18090,bmc.com
18115,trimble.com
18134,ku.edu.tr
18143,insertlive.com
18144,pocketgamer.com
18151,rtvs.sk
18156,mumsnet.com
18157,riyasewana.com
18173,epochtimes.de
18177,mediatakeout.com
18201,ew.com
18210,rebrand.ly
18213,lotterysambad.one
18215,podtrac.com
18240,nysun.com
18248,laprovincia.es
18253,allegion.com
18279,onepagecrm.com
18284,sierrawireless.com
18288,datawrapper.de
18302,tommy.com
18303,castorama.pl
18315,inmoment.com
18343,topmarks.co.uk
18346,cancerresearchuk.org
18394,cyxtera.com
18400,onlineradiobox.com
18424,ba-sh.com
18429,ksl.com
18447,ocs.ru
18458,belkin.com
18463,mailspamprotection.com
18470,adtriba.com
18472,verisk.com
18477,goneo.de
18488,news-journalonline.com
18490,sportsengine.com
18501,shopgoodwill.com
18505,google.co.th
18534,act.org
18544,ingentaconnect.com
18548,routard.com
18565,binance.us
18574,htp-tel.de
18576,woosmap.com
18581,fanatec.com
18585,moodmedia.com
18587,protothema.gr
18610,quiksilver.com
18633,google.co.uz
18646,promoqui.it
18656,urbanmatter.com
18680,revenuewell.com
18688,tovima.gr
18694,fxempire.com
18697,progameguides.com
18698,veepee.fr
18702,datacenterknowledge.com
18720,americangreetings.com
18724,mindmeister.com
18740,meater.com
18746,realhomes.com
18753,rvlife.com
18754,enr.com
18763,chartboost.com
18770,urbandictionary.com
18774,satta-king.in
18785,datasur.sr
18786,santemagazine.fr
18799,pixdns.tw
18819,billiger.de
18829,flashscore.sk
18832,brewdog.com
18865,hihonor.com
18869,worldofwarships.eu
18892,eudora.com.br
18902,devdiscourse.com
18907,phandroid.com
18908,oklahoman.com
18910,hemmings.com
18911,pamperedchef.com
18923,hashthemes.com
18930,novamulher.com
18937,trainerize.com
18943,humix.com
18949,dcurbanmom.com
18965,mosline.ru
18966,ncaa.com
18981,cirad.fr
18984,trustwave.com
19005,ydr.com
19018,perimeterx.com
19033,jp-weathernews.com
19059,fingersoft.net
19060,ghgprotocol.org
19067,rnib.org.uk
19071,i24news.tv
19089,slbenfica.pt
19126,pomorska.pl
19128,matrixreq.com
19141,openclassrooms.com
19153,seaworldparks.com
19157,guggenheim.org
19164,mb.com.ph
19181,artfiles.de
19187,ghcr.io
19206,komputerswiat.pl
19226,lacoste.com
19239,sciencesetavenir.fr
19277,helloasso.com
19282,rics.org
19294,nairametrics.com
19309,ixlhosting.nl
19310,iog.io
19337,zendesk.com
19339,priceline.com
19347,aramark.com
19370,jackdaniels.com
19377,hsj.co.uk
19382,bmwusa.com
19384,mastercontrol.com
19395,politico.eu
19402,mews.com
19403,eforms.com
19409,metroworldnews.com.br
19412,nederlandseloterij.nl
19414,streetdirectory.com
19415,symphony.com
19421,harness.io
19437,thechive.com
19458,greentube.com
19469,suikagame.com
19481,livesport.cz
19483,biz1.pro
19499,kgnow.com
19503,volusion.com
19511,twopeasandtheirpod.com
19530,wheaton.edu
19531,thegraph.com
19536,pagalworld.com.pe
19543,accuradio.com
19547,emarketer.com
19556,bluemountain.com
19562,owllabs.com
19566,mondadori.it
19578,internationalliving.com
19600,themoneytizer.com
19613,spreadshirt.net
19615,pontomais.com.br
19620,demonware.net
19622,venatusmedia.com
19671,theoplayer.com
19683,healthshots.com
19703,ad4mat.net
19721,lifehacker.jp
19745,amazonaws.cn
19752,bqprime.com
19766,justice.cz
19772,kilat.com
19779,hoster.by
19784,snowflakecomputing.com
19786,gloucestershirelive.co.uk
19801,cssz.cz
19811,kinsta.com
19818,the-ozone-project.com
19873,xoso.com.vn
19874,rioseo.com
19880,fitnyc.edu
19886,goodyear.com
19927,sayweee.com
19930,metro.co.uk
19931,diba.cat
19932,rl.ac.uk
19942,cummins.com
19945,takeda.com
19950,webcompanion.com
19956,mojang.com
19968,polsl.pl
19973,zirmed.com
19985,cafonline.org
20001,dealerconnection.com
20002,postoffice.co.uk
20008,textexpander.com
20011,kotsovolos.gr
20015,kas.de
20087,standardnews.com
20096,speakeasy.net
20109,veracode.com
20111,jdsupra.com
20121,google.com.ec
20133,newstatesman.com
20143,musicstore.com
20149,marieclaire.co.uk
20152,desertsun.com
20156,frost.com
20157,videogamer.com
20178,iterable.com
20194,cosstores.com
20209,mybillie.com
20216,google.mv
20221,talkwithstranger.com
20222,hobbycraft.co.uk
20239,tvanouvelles.ca
20249,dreambox.com
20268,fiat.com
20287,cheatsheet.com
20315,boomi.com
20317,realytics.io
20319,hgtv.com
20328,amgen.com
20365,scotusblog.com
20376,twittervideodownloader.com
20389,bgs.ac.uk
20393,newrelic.com
20397,brakeforit.com
20412,vfairs.com
20414,torun.pl
20435,marocannonces.com
20438,epicgames.com
20445,michaeli.sbs
20463,oeticket.com
20465,buyma.com
20469,rtl.be
20478,westerndigital.com
20483,astrology.com
20505,emc.com
20512,trafficjunky.com
20516,videoask.com
20522,bcf.com.au
20537,konami.com
20571,luckylandslots.com
20573,northbeam.io
20597,sarkariexam.com
20598,marieclaire.com
20599,dropbox.com
20620,jetphotos.com
20652,unilad.com
20668,illumina.com
20675,plaid.com
20676,bsigroup.com
20694,ansible.com
20697,netgear.com
20727,lansingstatejournal.com
20728,hostinger.in
20729,desigual.com
20739,rockwool.com
20745,linkvertise.com
20750,asiandate.com
20770,yandex.lv
20782,avalara.com
20791,itpro.co.uk
20796,informationweek.com
20797,flightaware.com
20799,essex.ac.uk
20814,starlink.com
20822,google.sn
20830,public.lu
20840,weather-doc.com
20845,insperity.com
20870,vetsfirstchoice.com
20875,sundayworld.com
20880,storyblok.com
20883,yogajournal.com
20893,bestproducts.com
20901,mattel.com
20907,paintshoppro.com
20910,immaculategrid.com
20913,commercehub.com
20921,bain.com
20927,sushida.net
20945,catalyst.org
20946,tijd.be
20952,webhouse.sk
20953,contentstack.com
20966,sj-r.com
20970,tecnoblog.net
20998,gmanetwork.com
21001,computerwoche.de
21007,fs.com
21021,pinterestmail.com
21030,audiohook.com
21047,statestreet.com
21049,crowdin.net
21055,adme.ru
21076,google.com.mx
21086,iq.com
21157,tagboard.com
21164,bongda24h.vn
21166,vkusvill.ru
21178,mileiq.com
21186,bolsasymercados.es
21197,2ememain.be
21218,dnb.com
21232,cornwalllive.com
21249,matmut.fr
21259,aceshowbiz.com
21267,discoverlosangeles.com
21275,nationalarchives.gov.uk
21279,oxfordmail.co.uk
21286,yam.com
21319,garr.it
21336,alsa.es
21340,thedirect.com
21347,testrail.net
21368,mynewsdesk.com
21393,brivo.com
21394,melia.com
21398,heytapimg.com
21410,prismamedia.com
21431,jobs-ups.com
21434,zuora.com
21444,netnut.io
21465,moneywise.com
21472,easyhost.be
21475,gap.co.jp
21494,nsone.net
21496,dealersocket.com
21506,educamos.com
21515,tenable.com
21523,laurra.cfd
21528,lucid.app
21535,cadena3.com
21540,hu.nl
21549,nylon.com
21550,culturess.com
21574,asimjofa.com
21575,dorchestercollection.com
21576,epam.com
21588,jn.pt
21611,theicct.org
21635,livepocket.jp
21638,texasmonthly.com
21640,transcy.io
21648,tataritv.com
21653,tuttomercatoweb.com
21670,daz3d.com
21704,fujifilm.com
21710,uvigo.es
21719,brilio.net
21724,whowhatwear.com
21727,bundesfinanzministerium.de
21736,clickorlando.com
21744,nationstates.net
21750,uwe.ac.uk
21796,austria.info
21825,ambito.com
21846,betradar.com
21864,unaids.org
21868,origin.com
21873,adr.org
21876,orange.sk
21884,endava.com
21888,manulife.com
21894,mendix.net
21900,hisense.com
21901,ringostat.net
21910,wackojaco.com
21915,bupa.co.uk
21919,ultimahora.com
21922,plaisio.gr
21935,siemens-energy.com
21940,booklooker.de
21941,avgbrowser.com
21954,bcferries.com
21981,omeda.com
22029,gurushots.com
22031,limburger.nl
22035,google.co.ug
22039,deltekenterprise.com
22072,ffhandball.fr
22076,online.net
22077,vevor.com
22079,mmorpg.com
22081,cm.expert
22082,russbrides.net
22098,satta-no.org
22111,aniview.com
22125,recode.net
22129,esmo.org
22139,hosted.nl
22155,e-i.com
22158,appriver.com
22160,levif.be
22185,massivegrid.com
22192,expansion.com
22204,hilton.com
22205,glip.com
22207,uw.edu.pl
22226,nasdaq.com
22228,01net.com
22248,brooksbrothers.com
22284,thermaltake.com
22286,pennmedicine.org
22289,rstudio.com
22291,vozpopuli.com
22292,gettyimages.co.uk
22299,begambleaware.org
22324,bustimes.org
22327,whatismyip.com
22348,creativereview.co.uk
22371,nationaltoday.com
22373,iai-system.com
22375,icemortgagetechnology.com
22423,netwerk24.com
22432,futbol-11.com
22456,renault.com
22470,idntimes.com
22480,lexpress.fr
22492,youngminds.org.uk
22497,chemistryworld.com
22504,google.co.uk
22506,bakerhughes.com
22528,broomstickwed.com
22543,wps.com
22551,elespectador.com
22558,jofogas.hu
22559,prettylittlething.com
22572,vbulletin.com
22585,pocruises.com
22586,lorientlejour.com
22587,globalpay.com
22593,wowhead.com
22622,pandaexpress.com
22634,netcracker.com
22642,bdo.com
22651,glavred.info
22662,terraform.io
22664,ajmc.com
22678,salesmanago.com
22693,irishmirror.ie
22695,laptopmag.com
22703,cas.org
22704,hsbcnet.com
22722,ets.org
22723,mageworx.com
22731,consensys.net
22751,surveysparrow.com
22760,gowish.com
22765,weglot.com
22795,southcoast.org
22802,shelter.org.uk
22805,morrisons.com
22806,commonsensemedia.org
22809,firstlight.net
22834,mypurecloud.com.au
22841,scoalarutiera.ro
22859,suntimes.com
22868,google.gy
22879,aaai.org
22892,shadow.tech
22899,crainsdetroit.com
22920,wargaming.net
22931,usp.org
22949,greatminds.org
22958,ielts.org
23000,binance.com
23004,freshrelevance.com
23014,openshift.com
23028,concursolutions.com
23032,preqin.com
23034,la-croix.com
23042,daysmart.com
23046,hugendubel.de
23053,sandals.com
23057,shorturl.at
23059,csbsju.edu
23073,caracoltv.com
23077,insta-stories-viewer.com
23089,hostinet.com
23090,metaffiliation.com
23097,yotoplay.com
23100,splitit.com
23106,register.com
23127,nubia.com
23148,google.al
23151,chs.net
23166,gdansk.pl
23174,drupal.org
23186,ig.com.br
23189,hexclad.com
23202,capsilon.com
23216,gotinder.com
23222,vagalume.com.br
23228,ukranews.com
23229,vodacom.co.za
23237,mmu.ac.uk
23244,microstrategy.com
23249,filmin.es
23254,satchelone.com
23256,ulb.ac.be
23273,organicfacts.net
23300,red-dot.org
23304,20min.ch
23317,sivasdescalzo.com
23348,lidl.de
23351,yoox.com
23355,63.ru
23359,napaprolink.com
23389,ucm.es
23395,wikiloc.com
23400,dexterchaney.com
23402,macleans.ca
23410,sisense.com
23411,auctollo.com
23414,livenation.com
23428,governo.it
23438,shein.se
23443,canonical.com
23445,latinamericancupid.com
23451,ebrd.com
23463,inlinemanual.com
23501,freestyle.abbott
23540,dailystrength.org
23549,fiercewireless.com
23566,matas.dk
23568,goldenglobes.com
23594,fortinet.com
23604,1up.com
23622,scidev.net
23630,rabota.by
23637,thegrocer.co.uk
23650,postnord.com
23656,iscorp.com
23657,gx.games
23664,zkillboard.com
23669,nezavisne.com
23671,smarturl.it
23676,abo.fi
23682,sterlingdirect.com
23692,tiny.com.br
23695,hik-proconnect.com
23697,civitatis.com
23701,protectmyapp.com
23728,alfemminile.com
23735,bollywoodhungama.com
23760,vibe.com
23769,unibet.co.uk
23800,comidinhasdochef.com
23808,playtotv.com
23809,israel21c.org
23833,jpmorgan.com
23852,ludia.net
23900,phrase.com
23905,crypto.com
23928,faraday.io
23958,drivereasy.com
23964,pearsoned.com
23989,algemeiner.com
23998,typeracer.com
24012,ird.fr
24035,flashscore.co.za
24051,oloygeia.gr
24080,paultan.org
24091,disney.com
24094,iqos.com
24115,novell.com
24117,opovo.com.br
24125,tenorshare.com
24147,verily.com
24150,partcommunity.com
24163,keepvid.com
24164,infobip.com
24175,setn.com
24182,twdx.net
24184,luxottica.com
24190,jedox.com
24206,ancestry.ca
24211,jdoqocy.com
24214,roadie.com
24222,crazyegg.com
24232,untrk.xyz
24314,lefrecce.it
24324,activehosted.com
24331,logitechg.com
24332,bris.ac.uk
24337,stackoverflow.blog
24342,nom-domaine.fr
24381,brightside.me
24392,tastingtable.com
24398,nanocosmos.de
24443,democratandchronicle.com
24444,friendshipmale.com
24448,slushpool.com
24455,england.nhs.uk
24456,thenorthernecho.co.uk
24460,cpanel.net
24461,gercekgundem.com
24477,ugr.es
24479,translated.net
24486,ninjarmm.com
24501,smbc-comics.com
24505,tonyrobbins.com
24528,charter97.org
24534,google.ga
24541,onlymyhealth.com
24544,rossmann.de
24549,aligntech.com
24551,coomeet.com
24581,nationalgeographic.com.es
24583,hypebeast.com
24592,lamontagne.fr
24609,allpoetry.com
24617,macmillanlearning.com
24624,angloinfo.com
24641,google.com.pg
24645,verabradley.com
24678,comptia.org
24686,oup.com
24701,concur.com
24704,invaluable.com
24706,standardbank.co.za
24709,eurail.com
24733,sblogistica.ru
24736,google.co.ve
24749,khanacademy.org
24756,ramnode.com
24775,solvvy.com
24780,turo.com
24794,clickup.com
24810,hoidap247.com
24834,brookeinvest.com
24854,immediate.co.uk
24896,sussex.ac.uk
24912,blackboard.com
24962,chessgames.com
24972,thepioneerwoman.com
24979,startpage.co.il
25010,christianbook.com
25011,financialexpress.com
25017,donedeal.ie
25020,thedrum.com
25033,moleskine.com
25038,curalate.com
25039,mysteryscience.com
25041,robotstxt.org
25067,subaru.com
25089,timeslive.co.za
25103,auto-swiat.pl
25105,jagranjosh.com
25106,demand.supply
25116,metro.de
25117,boursedirect.fr
25129,ac-versailles.fr
25132,gooya.com
25149,halkarz.com
25160,ruck.co.uk
25200,bazonline.ch
25221,boell.org
25238,contabeis.com.br
25258,arts.ac.uk
25272,hero-wars.com
25291,incapsula.com
25296,6parkbbs.com
25299,in.com
25300,ebay.ph
25310,getpaint.net
25317,templatemo.com
25319,next.co.uk
25324,flashscore.com.ng
25332,yuja.com
25342,nova.cz
25360,target-video.com
25371,ssrc.org
25380,finviz.com
25406,antwerpen.be
25411,twoplayergames.org
25424,ayetstudios.com
25425,senior.com.br
25438,mercer.com
25441,telefonica.com
25444,brainpop.com
25452,kcet.org
25457,borderfree.com
25464,americanrhetoric.com
25486,tech.co
25488,clickz.com
25492,canalplus.com
25497,memsource.com
25499,autovit.ro
25504,vesty.co.il
25544,9to5mac.com
25549,freearabsexx.com
25554,ultimateears.com
25556,softpedia.com
25559,tvline.com
25615,motorcycle.com
25627,nexon.net
25630,point2homes.com
25631,clientsecure.me
25643,amomama.com
25660,cottages.com
25669,giphy.com
25671,flashscore.co
25678,whdh.com
25689,fieldandstream.com
25706,frontify.com
25757,gluops.com
25764,glavred.net
25778,punchng.com
25779,dsw.com
25815,decathlon.pt
25828,tecmundo.com.br
25831,trademarkarea.com
25832,suffolk.edu
25855,cdn-solution.net
25863,encuentra24.com
25869,matchendirect.fr
25872,vam.ac.uk
25879,choozle.com
25924,sojern.com
25931,aboutcookies.org
25942,rehau.com
25950,plejd.cloud
25951,bbk.ac.uk
25960,extend.tv
25967,lightricks.com
25969,newscientist.com
25986,plutex.de
26009,crumbl.com
26010,glassdoor.co.uk
26013,armorgames.com
26036,booking.com
26040,toasttab.com
26057,oureverydaylife.com
26061,laut.fm
26106,confluent.io
26110,hut.fi
26160,sharethrough.com
26176,buildingconnected.com
26179,avvo.com
26185,furman.edu
26187,accountsupport.com
26188,mcarthurglen.com
26227,schindler.com
26228,google.com.uy
26229,otterbox.com
26242,stellar.org
26249,wri.org
26284,somplo.com
26287,dovepress.com
26321,avma.org
26341,daily.co
26343,malaymail.com
26366,discovermagazine.com
26381,hm.com
26384,forticloud.com
26388,lifesight.io
26395,styleshout.com
26403,koreus.com
26413,zavvi.com
26452,difesa.it
26485,google.li
26500,lifestyleasia.com
26511,dsmart.com.tr
26518,cengage.com
26540,perfil.com
26562,nature.org
26566,google.at
26575,zadarma.com
26578,chollometro.com
26594,portoseguro.com.br
26612,yanosik.pl
26645,minecraft.net
26658,mattermost.com
26665,autoscout24.fr
26671,wttc.org
26675,accorhotels.com
26679,vivocha.com
26680,hoganlovells.com
26681,securityboulevard.com
26701,cyberpunk.net
26703,superawesome.tv
26734,siteadvisor.com
26738,tureng.com
26747,personcentredsoftware.com
26750,mapquest.com
26753,newseum.org
26769,poynter.org
26779,deliveroo.fr
26800,transifex.com
26803,storyly.io
26806,ficbook.net
26823,ground.news
26845,yamaha-motor.co.jp
26888,timeout.com
26891,meiji.co.jp
26921,samba.tv
26945,scentbird.com
26948,lgthinq.com
26955,bestsecret.com
26959,marvel.com
26963,ventsmagazine.com
26973,workana.com
26977,picturethisai.com
26991,kristin.makeup
27026,hapag-lloyd.com
27032,dsv.com
27035,envoy.com
27060,ideal.es
27076,telegraphindia.com
27095,honeywell.com
27096,fastpath.gr
27097,bumbcdn.com
27103,rechargeapps.com
27104,google.co.ls
27118,cruisemapper.com
27137,mazdausa.com
27151,familyeducation.com
27166,sg.fr
27167,surveymonkey.com
27177,meteoblue.com
27179,abtasty.com
27181,boots.com
27189,readspeaker.com
27208,flashtalking.com
27216,sportico.com
27217,safetydetectives.com
27225,tartecosmetics.com
27233,marionnaud.fr
27251,bhphotovideo.com
27255,enjoy4fun.com
27258,mytoys.de
27273,ifema.es
27279,jta.org
27300,securid.com
27304,toysrus.ca
27313,onemileatatime.com
27318,lpnet.com.br
27329,sitescout.com
27331,lemde.fr
27333,espn.in
27334,riu.com
27338,courier-journal.com
27344,mist.com
27362,maxifoot.fr
27370,smartsurvey.co.uk
27392,dc.com
27411,ikman.lk
27417,zoznam.sk
27422,pressreader.com
27441,wyborcza.pl
27458,myiphost.com
27475,chesskid.com
27481,dw.de
27492,gigasena.com.br
27496,betfair.es
27512,creativelive.com
27516,aristeguinoticias.com
27522,google.com.bh
27526,soundcloud.com
27529,theculturetrip.com
27530,funplus.com
27536,letsignit.com
27537,activision.com
27539,washtimes.com
27545,coherentpath.com
27556,constant.com
27560,marvelstrikeforce.com
27570,ohio.com
27576,wurl.com
27577,totalprosports.com
27588,exoclick.com
27606,digi.hu
27638,esa.int
27644,rubiconproject.com
27650,odin.com
27651,groovypost.com
27655,westernjournal.com
27669,boldapps.net
27671,thedebrief.org
27687,rome2rio.com
27693,siteimprove.com
27719,o2.cz
27742,uymgg1.com
27750,viveport.com
27769,nm.org
27783,houseandgarden.co.uk
27791,sans.edu
27795,tkqlhce.com
27797,genius.com
27805,admitad.com
27807,veevavault.com
27811,xhamster2.com
27822,pens.com
27828,elcomercio.com
27853,technical.city
27877,newsmemory.com
27881,nautil.us
27896,rocketleague.com
27897,meross.com
27899,prnasia.com
27920,audiobooks.com
27934,hitwebcounter.com
27942,top.gg
27946,univision.com
27973,kompas.com
27981,teramind.co
27982,kendrascott.com
27986,u-bourgogne.fr
27990,heart.co.uk
28009,latestly.com
28015,epravda.com.ua
28017,cookie-script.com
28019,daveandbusters.com
28021,kohler.com
28024,dow.com
28027,bookmyname.com
28041,fastcmp.com
28048,kingjamesbibleonline.org
28051,adventori.com
28066,devowl.io
28086,blogher.com
28099,wtatennis.com
28107,deadspin.com
28110,classifiedads.com
28127,speednetcr.com.br
28131,google.lk
28133,navigraph.com
28149,sfchronicle.com
28152,solutudo.com.br
28156,best-hashtags.com
28161,elperiodicodearagon.com
28190,globalreporting.org
28215,celine.com
28218,billboard.com
28229,festo.com
28245,nikonusa.com
28249,encyclopedia.com
28255,friendfeed.com
28267,allure.com
28269,miami.com
28273,crossout.net
28283,letelegramme.fr
28284,tutorialspoint.com
28288,neteller.com
28301,fronius.com
28312,beachbodyondemand.com
28325,qubitproducts.com
28333,monotype.com
28347,designboom.com
28349,lotteryextreme.com
28351,mydealz.de
28356,computing.co.uk
28360,google.com.sg
28364,unibet.fr
28371,wiline.com
28378,virtru.com
28385,upsstoreprintshop.com
28389,theatlantic.com
28390,nyse.com
28415,myfin.by
28443,cargill.com
28456,crowdfunder.co.uk
28470,dns-net.de
28476,expertvoice.com
28484,terra.com.br
28508,milannews.it
28527,patch.com
28528,skinstore.com
28533,bentleymotors.com
28551,warframe.com
28556,thewrap.com
28570,airfind.com
28588,doterra.com
28594,duq.edu
28604,trtizle.com
28613,ipchicken.com
28625,mcafee.com
28646,goodgamestudios.com
28663,barscreative1.com
28676,superlawyers.com
28704,qualys.com
28713,questionablecontent.net
28715,stories.com
28724,rit.edu
28725,greencarreports.com
28726,aa.org
28755,bayern.de
28765,albayan.ae
28768,1happybirthday.com
28792,praxis.nl
28811,yieldify.com
28816,dedeman.ro
28817,tor2me.info
28823,jhsph.edu
28844,trafficguard.ai
28846,bytello.com
28853,ukg.com
28873,incrowdsports.com
28887,gap.com
28888,talentlms.com
28895,kanopy.com
28913,arcor.de
28947,mailclub.com
28961,glowforge.com
28982,cez.cz
28987,justonecookbook.com
28988,jezebel.com
28993,mangools.com
28997,merchantlink.com
29003,cybertrust.com
29010,usmission.gov
29023,fundaciontelefonica.com
29024,google.fi
29026,siliconera.com
29069,boylesports.com
29077,fossbytes.com
29093,webshots.com
29096,seriouseats.com
29097,iptvportal.ru
29098,fdcservers.net
29102,percona.com
29106,researchsquare.com
29132,ultimaker.com
29165,validic.com
29168,dataguard.no
29169,eolo.it
29175,basic-fit.com
29186,hds.com
29188,internettraffic.com
29267,fozzy.com
29292,adamieva.info
29293,rasmussenreports.com
29298,pearson.com
29304,romatoday.it
29307,w3line.fr
29313,indystar.com
29314,bitfinex.com
29322,janrain.com
29323,well.ca
29328,cubonegro.lol
29330,loreal.com
29335,hsselite.com
29345,logi.com
29352,edenred.io
29367,dailypakistan.com.pk
29368,zmenu.com
29376,webland.ch
29387,cairo24.com
29389,statically.io
29395,futura-sciences.com
29401,yealink.com
29413,futureplc.com
29428,securevetsource.com
29434,dogstrust.org.uk
29450,antuit.ai
29452,entrata.com
29469,lifehacker.com
29474,servimg.com
29475,eskimi.com
29482,joc.com
29491,click.ro
29498,brandeins.de
29512,apostrophe.ua
29516,bnpparibas.com
29518,monoprice.com
29532,zenvia.com
29534,tailorbrands.com
29561,swaven.com
29601,nts.live
29611,dailyadvent.com
29615,gcloudns.com
29625,forbo.com
29633,flashscore.it
29646,e-mark.nl
29659,ownit.se
29700,net4india.com
29701,rebelsport.com.au
29711,quillbot.com
29724,elfster.com
29731,digitaluk.co.uk
29732,brightcloud.com
29740,plusgrade.com
29746,epoznan.pl
29750,beliefnet.com
29753,uniquex.com
29755,spain.info
29762,hoovers.com
29765,paylocity.com
29799,rokt.com
29805,rsf.org
29833,sketchup.com
29847,abnamro.com
29856,sapsf.eu
29905,instant-gaming.com
29919,securitize.io
