,domain,rank
0,stupi.se,10651
1,mxptint.net,2042
2,e-estekhdam.com,8669
3,coupang.com,1115
4,xhlive.cam,13903
5,tencentmusic.com,11964
6,res-x.com,11073
7,texas.gov,3003
8,mmvideocdn.com,19772
9,globe.com.ph,8116
10,foresee.com,3526
11,thecooldown.com,7880
12,carecredit.com,16442
13,httpbl.org,16297
14,oreillyauto.com,12567
15,swarovski.com,5253
16,staging-airtableblocks.com,19394
17,paess.va,16797
18,uu.se,8095
19,criteo.net,323
20,xn--2-5wfa5cxan3i1bd1ood.com,9924
21,carview.co.jp,7460
22,freepatentsonline.com,19025
23,gamcore.com,17554
24,taoxh.life,9120
25,instreamatic.com,16422
26,uni-bielefeld.de,16061
27,vam.ac.uk,10121
28,gdkcgt3sc.com,19056
29,thenextweb.com,3650
30,uwaterloo.ca,3942
31,moneygram.com,17881
32,stores.jp,16676
33,mcafee.net,12631
34,wfcdn.com,11444
35,ipapi.co,12158
36,doi.gov,13836
37,google.com.pk,3435
38,aston.ac.uk,18740
39,porn.com,17408
40,sci-hub.se,15441
41,informationweek.com,10407
42,audioeye.com,6518
43,chess.com,972
44,minfin.com.ua,16488
45,dropmms.com,19731
46,zalora.co.id,13138
47,openxcdn.net,3670
48,hyundaiusa.com,15984
49,alarabiya.net,4059
50,umaryland.edu,14977
51,agilent.com,15699
52,dow.com,13830
53,cachenetworks.com,13420
54,qwest.net,961
55,creema.jp,17745
56,drntruhs.in,9865
57,capital.ro,11264
58,ahjdgf8fgfdd.com,15783
59,nmgassets.com,17197
60,gala.fr,7555
61,kurier.at,10499
62,gateio.im,17060
63,de.tl,17929
64,playmods.net,7086
65,monster.ca,14754
66,thetacdn.net,4520
67,bitrix.info,3025
68,flagcounter.com,12122
69,voltareninfo.com,18495
70,codeforces.com,5484
71,xnxx-cdn.com,1420
72,appcues.net,6210
73,gorgias.chat,10743
74,shangri-la.com,16144
75,filehippo.com,17618
76,divar.cloud,14569
77,quizlet.com,981
78,carfax.com,2784
79,cybersource.com,7714
80,awsdns-56.com,11519
81,vk.team,8601
82,lenreg.ru,11641
83,bta.net.cn,18831
84,yabidos.com,12563
85,govtrack.us,12752
86,crystals.ru,6385
87,hosted-by-discourse.com,4808
88,ifconfig.me,6196
89,geniex.com,10649
90,ponta.jp,7568
91,awsdns-24.org,16398
92,bingx.com,17525
93,sciencemag.org,1347
94,bit.do,13125
95,httpbin.org,12674
96,radiosvoboda.org,15456
97,hds.com,14002
98,oleane.net,18622
99,inleed.net,2120
100,aviationweather.gov,15305
101,jimdosite.com,4310
102,skyscanner.net,4485
103,streamtheworld.net,11014
104,adsbynimbus.com,4771
105,mintegral.net,2713
106,sco.gov.pk,12187
107,eyekraft.ru,16616
108,pinterest.jp,10948
109,bodis.com,2546
110,expo.dev,12620
111,jecontacte.com,9852
112,mlstatic.com,4411
113,cdnwebcloud.com,19648
114,antena3.com,12345
115,fpnpmcdn.net,12408
116,xnxxar.net,9611
117,twibbonize.com,10719
118,goo-net.com,7572
119,krxd.net,3571
120,flightrising.com,8603
121,azure.us,3560
122,qihucdn.com,4992
123,pharmeasy.in,7440
124,plotek.pl,9326
125,permutive.app,2301
126,bankbazaar.com,7667
127,tv2.dk,5805
128,myutiitsl.com,12023
129,simon.com,15538
130,o2tvseries2.com,9758
131,city-data.com,12015
132,adkwai.com,5212
133,metricswpsh.com,11549
134,e2ma.net,12367
135,pysznosci.pl,9271
136,sex-studentki.gift,3976
137,dream-singles.com,16091
138,dillards.com,17233
139,cfainstitute.org,17444
140,twincities.com,13657
141,outdooractive.com,15646
142,nmrodam.com,2731
143,google.com.my,3299
144,mangatoto.net,8957
145,ebi.ac.uk,17411
146,argotunnel.com,15156
147,voice.ai,17277
148,dropboxstatic.com,6704
149,eu-1-id5-sync.com,1969
150,snowflakecomputing.com,4937
151,tawk.to,2113
152,ioam.de,879
153,real-debrid.com,19076
154,sportmail.ru,12990
155,cpsc.gov,7278
156,directv.com,5710
157,bittor.pw,12079
158,nsc.ru,6688
159,osano.com,6419
160,avplayer.com,10432
161,honda.co.jp,9983
162,awsdns-28.org,19074
163,tcgplayer.com,4630
164,monsnode.com,8863
165,survicate.com,4668
166,excite.com,14164
167,sfx.ms,386
168,ucoz.net,4187
169,skechers.com,5346
170,asos.com,2196
171,finchvpn.com,14991
172,dv.tech,12635
173,166.com,1078
174,disa.mil,6287
175,ura.news,5934
176,vevo.com,18513
177,airbuds.fm,19718
178,whois.co.kr,13364
179,case-battle.fun,8073
180,gfi.com,17021
181,kurnik.pl,9544
182,wpxhosting.com,19095
183,yallaludo.com,13356
184,khaosod.co.th,18632
185,clarium.io,2849
186,awsdns-39.co.uk,12792
187,attdns.com,7723
188,cloudns.net,813
189,apitd.net,11194
190,laravel.com,5136
191,jbzd.com.pl,8511
192,tarafdari.com,7435
193,lmu.de,16477
194,samsungcloudsolution.net,937
195,appsmb.com,11966
196,tamildhool.net,1693
197,familysearch.org,6217
198,zbato.org,9460
199,premierinn.com,12528
200,berlingske.dk,15485
201,gingerall.com,5793
202,serverfault.com,12267
203,glassdoor.com,2222
204,wgntv.com,15758
205,angi.com,4694
206,edgeonedy1.com,10109
207,eleconomista.es,5108
208,soulapp.cn,13481
209,withbuddies.com,4746
210,si.com,1605
211,menulog.com.au,17396
212,dealabs.com,16864
213,skyscanner.co.in,8214
214,zenecn.net,1093
215,telia.net,13885
216,azureedge.us,6312
217,american.edu,9013
218,quora.com,352
219,weatherbug.com,14783
220,carsensor.net,1531
221,gsspat.jp,13592
222,portals.mobi,15216
223,line.biz,11541
224,edgecdn.ru,219
225,pcpartpicker.com,6814
226,cmbchina.com,5358
227,stytch.com,15730
228,s3xified.com,13044
229,instabug.com,1454
230,1fichier.com,14933
231,msdn.com,4741
232,getyourguide.com,2815
233,mp.gov.in,7887
234,mercadopago.com,4974
235,ynet.co.il,1183
236,reportera.co.kr,10036
237,fcomet.com,3948
238,beyondtrustcloud.com,3190
239,htlbid.com,14481
240,sportytrader.com,19827
241,swcup6.live,9624
242,trellix.com,1007
243,bollyflix.band,2326
244,uw.edu.pl,10646
245,clipsho.com,19524
246,vegalb.com,17726
247,weerrhoop.cc,5744
248,pushflow.org,12681
249,126.com,14584
250,cepr.org,19258
251,selectmedia.asia,11882
252,mparticle.com,1028
253,mktoresp.com,4070
254,hotzxgirl.com,18573
255,azionedge.com,14653
256,html5up.net,6651
257,moe.gov.sa,15784
258,nanos.jp,17649
259,ttwstatic.com,4623
260,gva.es,10386
261,theprint.in,13671
262,ebaumsworld.com,14047
263,cloudsink.net,1963
264,mailanyone.net,19875
265,kunmanga.com,1600
266,studying.jp,9676
267,helium.io,10953
268,register.it,4334
269,ddns.ms,12100
270,moveaws.com,6956
271,emerson.com,18822
272,msg-csw-lenovo.com,8546
273,p2elite.com,15975
274,marshalls.com,13723
275,unesco.org,696
276,click2houston.com,15631
277,brilliantcollector.com,13590
278,atg.se,14522
279,uni-marburg.de,19918
280,tvguia.es,9771
281,okta-emea.com,13378
282,olx.com.br,1035
283,livejournal.net,10843
284,nortoncdn.com,16593
285,cdnfonts.com,10422
286,guardogoter.shop,10980
287,adkernel.com,2128
288,dns.kr,12188
289,google.bi,5971
290,ksta.de,13226
291,onesignal.com,994
292,mijndomein.nl,15085
293,legalzoom.com,14846
294,boozt.com,14946
295,alibaba.com,448
296,74.ru,17278
297,pdflib.com,5454
298,trahkino.pro,3212
299,biglots.com,5562
300,xiaomixiaoai.com,18912
301,tacdn.com,3211
302,adxadserv.com,13814
303,priceoye.pk,8967
304,coinspot.com.au,17654
305,huji.ac.il,10650
306,nra.lv,19715
307,my.games,3972
308,boxthis.xyz,10808
309,portalinmobiliario.com,19545
310,bcdnx.com,11367
311,yutex.ru,3779
312,apicgate.com,13080
313,avon.com,6353
314,eskimi.com,4008
315,yomiuri.co.jp,3777
316,auryc.com,17148
317,webshare.io,14105
318,kingcounty.gov,19146
319,deporvillage.com,19184
320,thepiratebay.org,8427
321,softpedia.com,4338
322,pavietnam.net,8118
323,caliente.mx,7764
324,influencermarketinghub.com,14013
325,smartinsights.com,13652
326,capcutapi.com,439
327,tokenex.com,16534
328,wistia.com,3270
329,smartclip.net,3753
330,jin115.com,9114
331,gamemania.co.ke,9441
332,desitelugusex.com,1740
333,moatads.com,607
334,desktop.com.br,17086
335,labcorp.com,12999
336,rentacenter.com,16973
337,hp10.us,18367
338,rainn.org,15684
339,itemfix.com,11038
340,airdroid.com,5747
341,templatemonster.com,11585
342,faroutmagazine.co.uk,6271
343,blitz.bg,8852
344,video-lk-ok-ll.store,18409
345,pluralsight.com,6601
346,servicenow.com,11379
347,cnpq.br,17190
348,gmanetwork.com,11606
349,oxcs.net,6910
350,mailchi.mp,739
351,network-auth.com,1995
352,app-measurement.com,120
353,rootsweb.com,14927
354,guardingvisionru.com,17610
355,sinchew.com.my,17437
356,regmovies.com,18554
357,jawapos.com,7294
358,sproutsocial.com,3406
359,contaboserver.net,10538
360,informika.ru,18467
361,nikkeibp.co.jp,8627
362,menshealth.com,3482
363,opr.gg,17819
364,webex.com,128
365,obihai.com,13427
366,awsdns-26.com,10611
367,thgingenuity.com,15274
368,challenges.fr,19581
369,challonge.com,19286
370,clickadsource.com,12823
371,vrt.be,3074
372,newtoki347.com,2381
373,spcsdns.net,2484
374,pypi.org,3462
375,iiko-systems.com,15232
376,mobile01.com,7459
377,geo.fr,15885
378,haber7.com,6886
379,myip.la,15098
380,free-tracker.ga,18685
381,pyszne.pl,14971
382,target.com,804
383,launchpad.net,475
384,q4web.com,8609
385,trouble-free.net,6483
386,danfoss.com,18288
387,meteoblue.com,5558
388,edoms.biz,13949
389,quovadisglobal.com,8892
390,ibops.net,12522
391,tilda.ws,4449
392,squarespace.com,485
393,swisscom.com,10423
394,palletsprojects.com,19412
395,olx.bg,14901
396,config-security.com,11227
397,levelaccess.net,19133
398,yaeby.art,7921
399,blogtalkradio.com,7912
400,wpadmngr.com,2767
401,ffe390afd658c19dcbf707e0597b846d.de,14866
402,fec.gov,16507
403,savvasrealize.com,11689
404,hindawi.com,4038
405,amazon.it,857
406,adsdcsp.com,16137
407,lk21official.mom,8831
408,transfermarkt.es,8804
409,yapo.cl,11839
410,crazygames.com,3827
411,travelata.ru,18128
412,godaddysites.com,5996
413,ctdns.cn,504
414,zoom.com,2960
415,gksmdns.com,7989
416,renee.pl,9641
417,kqed.org,8110
418,kicker.de,5383
419,wall-box.com,13952
420,sex-alarabi.com,13139
421,thehotline.org,17988
422,xlirdr.com,13436
423,nature.org,7726
424,villagevoice.com,12034
425,poste.dz,8130
426,f-droid.org,12788
427,abadis.ir,8293
428,adverty.com,18322
429,slack-redir.net,13061
430,caniuse.com,3296
431,sodresantoro.com.br,8958
432,rbxcdn.com,116
433,idealo.de,5648
434,inforcloudsuite.com,12625
435,unext.jp,14748
436,yesstyle.com,7182
437,gimy.ai,1711
438,originenergy.com.au,15958
439,srv53.net,5818
440,qprod2.net,15279
441,sonicwall.com,2481
442,nv.gov,10251
443,dotmetrics.net,4033
444,clubready.com,13348
445,ratesolutions.eu,16531
446,tmomanga.com,9515
447,wowhead.com,4611
448,minecraft-services.net,5118
449,edg.io,16947
450,deviantart.net,6386
451,awsdns-26.net,15140
452,fareharbor.com,6272
453,lijit.com,342
454,fbsbx.com,829
455,awsdns-47.net,12530
456,pornxp.quest,11552
457,backlinko.com,9528
458,toonblast.net,11837
459,appcenter.ms,314
460,purchasely.io,11698
461,gaigu26.tv,10052
462,fr.ru,12864
463,boxrec.com,16071
464,citrt.ru,17137
465,jobkorea.co.kr,18262
466,hardened-php.net,4910
467,maindnstech.com,17797
468,tfbnw.net,8874
469,rolimons.com,18286
470,g.page,410
471,nbc.com,3796
472,uribl.com,2704
473,use-application-dns.net,10343
474,namebright.com,4982
475,3gpking.name,8583
476,microchip.com,7668
477,servionica.ru,17518
478,nbcsandiego.com,17184
479,ns.se,9726
480,home24.de,18154
481,avlyun.com,7500
482,mycase.com,17037
483,aepd.es,7721
484,kernel.org,1906
485,netvigator.com,6718
486,akamai.com,2175
487,jc-gs.com,6770
488,nuancemobility.net,7162
489,winzip.com,6505
490,my-control-panel.com,18766
491,hayneedle.com,4421
492,makemytrip.com,1273
493,online-metrix.net,452
494,samsungcloudcdn.com,3520
495,mollie.com,17478
496,zagreb.info,9568
497,wixsite.com,248
498,analvids.com,17816
499,g-xyz.xyz,1748
500,moengage.com,2086
501,worldhistory.org,12493
502,zblogcn.com,13352
503,intal.uz,4975
504,takeaway.com,3499
505,travelers.com,13443
506,4dex.io,1085
507,signalr.net,4936
508,ambito.com,6238
509,blackboard.com,6735
510,strp.chat,12984
511,5movierulz.ink,14250
512,cmegroup.com,11983
513,uni-heidelberg.de,5923
514,ui-dns.biz,17269
515,rakuten-card.co.jp,8949
516,tarikhema.org,19451
517,u-tokyo.ac.jp,4150
518,transmissionbt.com,5100
519,wbinsights.com,9513
520,cedock.com,13260
521,pond5.com,17361
522,poki-gdn.com,17038
523,wasabisys.com,3336
524,admantx.com,17586
525,hokudai.ac.jp,19820
526,awsdns-02.org,13729
527,wcd.gov.in,9894
528,blogspot.in,7651
529,oculus.com,2239
530,cartocdn.com,14205
531,linktr.ee,252
532,zalando.it,8197
533,magento.cloud,4707
534,kurashiru.com,8144
535,citi.com,2715
536,dccnet.com.cn,18080
537,mlwbd.st,9530
538,qxwz.com,10342
539,smart.link,15291
540,worldfcdn2.com,327
541,vivintsky.com,4981
542,president.jp,7439
543,callrail.com,6648
544,device9.com,6259
545,pitc.com.pk,9048
546,over-blog.com,3394
547,spacenews.com,17665
548,mycingular.net,19415
549,pornhoarder.tv,16118
550,zalando.de,1338
551,google.dk,3169
552,birmingham.ac.uk,12861
553,majorgeeks.com,19815
554,ubc.ca,2394
555,4play.bet,19916
556,starott.com,15180
557,freshservice.com,5924
558,chicoryapp.com,16298
559,callofduty.com,2744
560,virtua.com.br,5006
561,systemmonitor.us,18717
562,statusinvest.com.br,19614
563,arm.com,11644
564,hubpages.com,4120
565,indiegogo.com,2091
566,magicbricks.com,7444
567,sibforms.com,8732
568,realmemobile.com,14405
569,megagroup.ru,5703
570,cmd.su,3801
571,douyucdn.cn,11420
572,rt.com,2009
573,jav.guru,1494
574,uaserials.pro,9283
575,nuget.org,7790
576,entergy.com,3849
577,develsoftware.com,15651
578,genesis.com,19144
579,sonic.net,18552
580,gddco25id.com,19250
581,aftonbladet.se,4195
582,xvideos3.com,1513
583,doubleclick.com,2749
584,nimblestorage.com,18212
585,sportradarserving.com,3734
586,mediaplex.com,7655
587,msu.edu,2347
588,grafana.com,2520
589,herokudns.com,719
590,one.one,140
591,privat24.ua,17948
592,vulkan-vegas.de,17763
593,bumble.com,2445
594,logitech.io,5199
595,action.com,1403
596,viettelidc.com.vn,16322
597,bokepindoh.asia,1731
598,apuestatotal.com,9261
599,ay.delivery,3722
600,decide.dev,17841
601,strip.chat,19737
602,mykhel.com,8122
603,wral.com,9532
604,nintendo.nl,17731
605,covatic.io,18907
606,umbler.com,14284
607,stspg-customer.com,4075
608,semana.es,9050
609,fandango.com,6439
610,nazwa.pl,2268
611,utah.edu,2831
612,tennoudai.net,10496
613,atsint.net,14178
614,dckr.io,12292
615,vivastreet.co.uk,8367
616,cepal.org,16895
617,sexvideos.rodeo,8467
618,rutarget.ru,2933
619,impactserving.com,13785
620,awsdns-30.net,16076
621,colibriwp.com,12951
622,rezync.com,2947
623,primerahora.com,17515
624,haydaygame.com,11293
625,ammyy.com,19607
626,perfdrive.com,9391
627,tv9telugu.com,9294
628,ubuntuforums.org,17748
629,brainyquote.com,6163
630,antarvasna3.com,9759
631,micasino.com,8545
632,imageshack.us,2580
633,boutell.co.uk,4388
634,fz.fj.cn,11226
635,bitglass.com,18150
636,t0x.net,4833
637,minhngoc.net.vn,9392
638,sejda.com,6706
639,uta.edu,16193
640,thomsonreuters.net,2627
641,iliad.it,9099
642,lexmark.com,10873
643,awsdns-24.com,6889
644,rou.video,19365
645,cio.com,5688
646,sicredi.com.br,4950
647,ksearchnet.com,14307
648,forpsi.cz,11331
649,po-kaki-to.com,19491
650,myanimelist.net,1806
651,booktoki347.com,13812
652,pureapk.com,11998
653,webpushr.com,16481
654,90min.com,8509
655,sfndns.com,19716
656,ala.org,8576
657,diigo.com,4878
658,keepersecurity.com,10880
659,datto.com,1148
660,origin.com,6077
661,lolesports.com,6310
662,housecallpro.com,6211
663,utas.edu.au,16880
664,pinterest.net,5715
665,tophost.ch,15993
666,videos-zoofilia.com,15144
667,eluniverso.com,13303
668,wired.com,425
669,nettavisen.no,7361
670,24h.tv,19417
671,destentor.nl,7242
672,chicos.com,15704
673,lucky.net,9996
674,open.edu,15487
675,zdassets.com,2178
676,rootsoc.com,7052
677,ntv.com.tr,6406
678,bbrdbr.com,5352
679,bablosoft.com,12907
680,zbporn.tv,1607
681,livemint.com,3063
682,corbina.ru,17403
683,comodoca.com,3489
684,feishu.cn,4202
685,firstam.com,18506
686,captivate.fm,17688
687,telphin.ru,16599
688,tesla.services,2806
689,datatechonert.com,12350
690,cdn-d50.com,18690
691,crazyporn.xxx,6249
692,xn--42c5ab1a9aq9hqb5dud.com,9705
693,care.com,6915
694,arthritis.org,14038
695,prreqcroab.icu,4032
696,20minutes.fr,4450
697,phonepe.com,11263
698,ilga.gov,18577
699,google.com.ph,3529
700,bata.com,18788
701,seasonvar.ru,15570
702,freemalaysiatoday.com,17683
703,example.org,2320
704,comscore.com,12784
705,slgnt.eu,8100
706,tn.gov,3510
707,timeslive.co.za,11341
708,pudelek.pl,8166
709,autozone.com,5395
710,nickfinder.com,8026
711,wordfence.com,4394
712,thunderbird.net,4591
713,virginatlantic.com,16145
714,shopeemobile.com,1053
715,nyt.net,10331
716,s-dc-msedge.net,16862
717,sascdn.com,2579
718,ibotta.com,10505
719,covermymeds.com,19883
720,mohito.com,8353
721,sunet.se,17459
722,fptshop.com.vn,19376
723,ebscohost.com,4725
724,slotscity.ua,18919
725,nettruyenaa.com,2233
726,google.ro,2778
727,b2w.io,15132
728,rackcdn.com,1291
729,aliant.net,14762
730,sendbird.com,2208
731,ksyunv5.com,3450
732,hotukdeals.com,15250
733,hnext.jp,9510
734,icq.com,3036
735,mangaread.org,16263
736,fastpeoplesearch.com,16818
737,myfreexh.xyz,15338
738,jive.com,10183
739,faqs.org,2999
740,uni-koeln.de,6760
741,thetimes.co.uk,2266
742,muzofond.fm,7338
743,carmax.com,10677
744,marksandspencer.com,4506
745,conductrics.com,18427
746,oscaro.com,19202
747,st.com,6693
748,komonews.com,14802
749,eonet.ne.jp,14031
750,kolesa.kz,3107
751,crashlytics.com,222
752,bikroy.com,18357
753,huedatastore.com,11826
754,mathworks.com,3051
755,google.tn,4286
756,everestjs.net,17542
757,ati.tn,12247
758,sciencedirect.com,211
759,umaine.edu,18239
760,ed.gov,1912
761,vkuser.net,500
762,weathercn.com,5000
763,lr-in-prod.com,17918
764,securitytrfx.com,17267
765,medallia.eu,8749
766,citizensadvice.org.uk,13684
767,2mdn.net,181
768,tmsimg.com,18927
769,intergi.com,13685
770,smnvc.com,12001
771,gtainside.com,18843
772,varonis.com,11795
773,gaana.com,7268
774,filmyfly.baby,2421
775,abc.com.py,15826
776,noticiasdenavarra.com,18203
777,whu.edu.cn,15635
778,dns-rus.net,14889
779,scribd.com,467
780,wimbledon.com,15058
781,cloudfront.net,60
782,91club06.com,4203
783,mercusyscloud.com,18077
784,awsdns-46.com,7485
785,asuratoon.com,1581
786,waplog.com,7285
787,soolakhi.com,19828
788,whirlpool.com,16234
789,acmeaom.com,9394
790,google.com.ar,2699
791,bdurl.net,4565
792,pinger.com,11404
793,2kcoretech.online,4200
794,kir2kos.net,19839
795,pocket-lint.com,14903
796,vudu.com,7158
797,vrbo.com,2974
798,kameleoon.io,7842
799,oaiusercontent.com,14767
800,mackeeper.com,13635
801,zippia.com,7696
802,raiplay.it,5935
803,weblio.jp,13876
804,parcelsapp.com,17226
805,bidderstack.com,5216
806,ivicdn.tv,11433
807,ns.gov,11166
808,smartasset.com,11366
809,navyfederal.org,6627
810,amp-endpoint2.com,3596
811,firstdata.com,13086
812,amazon.se,5273
813,google.gl,5628
814,suspended-domain.com,12011
815,dynamicnetworkservices.net,14842
816,xvideos.tv.br,10073
817,auth.gr,14752
818,unh.edu,7325
819,mojapp.in,8633
820,ssstwitter.com,14109
821,novinky.cz,1298
822,tv-tokyo.co.jp,10367
823,traversedlp.com,13249
824,roku.com,201
825,fapello.com,1457
826,sitelabweb.com,10560
827,druva.com,9801
828,nhentai.to,8454
829,net18plus.homes,9652
830,platoboost.com,8893
831,accaglobal.com,18545
832,blooket.com,10264
833,rackspaceclouddb.com,1203
834,acscdn.com,15968
835,traveloka.com,3644
836,ivoox.com,10991
837,impact.com,10724
838,awsdns-48.com,10357
839,ml314.com,3129
840,nifty.com,4352
841,happy-porn.com,19403
842,dyson.cn,15879
843,esportesdasorte.com,3012
844,military.com,5091
845,silabs.com,17108
846,cookiebot.com,2622
847,epfindia.gov.in,1535
848,titech.ac.jp,18179
849,nate.com,3837
850,americanthinker.com,17767
851,logly.co.jp,11521
852,adaa.org,16081
853,feelthemusi.com,15860
854,york.ac.uk,8551
855,bet30.es,15663
856,pgf-asqb7a.com,5130
857,cults3d.com,14009
858,cern.ch,3353
859,basarisiralamalari.com,13455
860,joinwebinar.com,13759
861,filezilla-project.org,4904
862,joomla.org,2931
863,ouest-france.fr,1088
864,zeustechnology.com,15245
865,zellbury.com,12089
866,filesusr.com,4885
867,webguard.pro,14634
868,appcues.com,7948
869,destructoid.com,16824
870,domainparkingserver.net,15820
871,nag.ru,5392
872,njav.tv,7246
873,potterybarnkids.com,15683
874,lumalabs.ai,6280
875,nic.va,5195
876,imguol.com.br,14223
877,dtveng.com,17122
878,se-platform.com,19673
879,spcs.bio,17186
880,ibomma.day,1730
881,todayonline.com,19915
882,finnair.com,19842
883,han-solo.net,13337
884,rtactivate.com,3311
885,videosection.com,12572
886,uoregon.edu,3416
887,sbnation.com,5862
888,studiotv.net,15238
889,springeropen.com,6260
890,xvideos69.xxx,9620
891,getgreenshot.org,5864
892,lkpp.go.id,9807
893,viafoura.co,5850
894,google.hu,2755
895,ruckus.cloud,13644
896,aditude.io,10193
897,afp.com,8036
898,turkticaret.net,16837
899,vmyfaci.xyz,15028
900,nic.ch,10762
901,alibaba.ir,7376
902,lojasrenner.com.br,10710
903,arubainstanton.com,5999
904,psbank.ru,12265
905,pushnotifs.com,19734
906,minds.com,19733
907,xnxx2.com,1283
908,citrixworkspacesapi.net,5291
909,speedcurve.com,10785
910,raterhub.com,11068
911,topfapgirls1.com,19689
912,litres.ru,4022
913,rusgrappling.ru,16142
914,sainsburys.co.uk,6827
915,ad-srv.net,18362
916,naasongs.com.co,12085
917,iana-servers.net,11052
918,gree.jp,8332
919,delfi.lv,10079
920,estadiodeportivo.com,8994
921,tidaltv.com,9819
922,xv-videos1.com,16875
923,noibu.com,10647
924,chicdn.net,13994
925,scssoft.com,19990
926,inwporn.com,9711
927,mrtnsvr.com,6897
928,aj2517.bid,15371
929,cmegtm.cn,11680
930,netis.cc,8963
931,buymeacoffee.com,5475
932,funda.nl,6403
933,straitstimes.com,3726
934,virginia.gov,3740
935,awsdns-10.net,10222
936,imggaming.com,13085
937,sefan.ru,8733
938,lightwidget.com,12492
939,irancell.ir,6776
940,bcm.edu,19981
941,kinghost.com.br,4292
942,bahn.de,3580
943,ksord.com,12569
944,jimdo.com,929
945,hsn.com,6530
946,lifewire.com,3845
947,azure-automation.net,18144
948,ccb.com,10868
949,justtrack.io,17780
950,igi-global.com,17401
951,honey.io,6149
952,steamunlocked.net,8320
953,sogou.com,1816
954,milanuncios.com,6073
955,1and1.com,9301
956,wuaki.tv,11848
957,phica.eu,19588
958,americanprogress.org,9458
959,prmutv.co,5834
960,computerhoy.com,19265
961,promizer.com,15022
962,growindiapvtltd.live,14378
963,steelhousemedia.com,8883
964,uvlauncher.com,14305
965,awsdns-12.com,10490
966,redactie24.be,11886
967,cex.io,14219
968,theaustralian.com.au,5904
969,homes.co.jp,7665
970,dwd.de,14010
971,wikia.com,2130
972,interfax.com.ua,19863
973,rentry.co,7780
974,tidal.com,2741
975,icij.org,17471
976,audrte.com,8814
977,metrix.ir,15173
978,gatesfoundation.org,10780
979,uci.edu,1351
980,languagetool.org,9059
981,luxerone.com,13496
982,pruebat.org,9923
983,wnacg.com,1523
984,matillion.com,6761
985,codesandbox.io,18863
986,mystrikingly.com,2798
987,whois.com,7041
988,ggblueshark.com,2993
989,xsph.ru,13752
990,nameservice.at,15060
991,adwised.com,15067
992,kdreams.jp,9756
993,modilimitado.io,9153
994,ky.gov,7458
995,cardekho.com,7684
996,ffbbbdc6d3c353211fe2ba39c9f744cd.com,17822
997,tcsbank.ru,10262
998,archives-ouvertes.fr,12965
999,mozilla.org,89
